ID,Texapon SB 3 KC,Plantapon ACG 50,Plantapon LC 7,Plantacare 818,Plantacare 2000,Dehyton MC,Dehyton PK 45,Dehyton ML,Dehyton AB 30,Plantapon Amino SCG-L,Plantapon Amino KG-L,Dehyquart A-CA,Luviquat Excellence,Dehyquart CC6,Dehyquart CC7 Benz,Salcare Super 7,Arlypon F,Arlypon TT,Stability_Test,Turbidity_NTU,Turbidity_Error,Viscosity,Rheology_Type
1,6.52,0.00,0.00,0.00,0.00,0.00,0.00,8.63,0.00,0.00,0.00,0.00,0.98,0.00,0.00,0.00,0.00,3.35,FALSE,NA,NA,NA,NA
2,7.70,0.00,0.00,0.00,0.00,0.00,0.00,8.55,0.00,0.00,0.00,0.00,1.88,0.00,0.00,0.00,0.00,4.00,FALSE,NA,NA,NA,NA
3,12.23,0.00,0.00,0.00,0.00,0.00,0.00,10.13,0.00,0.00,0.00,0.00,1.00,0.00,0.00,0.00,0.00,2.62,FALSE,NA,NA,NA,NA
4,12.20,0.00,0.00,0.00,0.00,0.00,0.00,13.54,0.00,0.00,0.00,0.00,1.43,0.00,0.00,0.00,0.00,4.65,FALSE,NA,NA,NA,NA
5,8.71,0.00,0.00,0.00,0.00,0.00,0.00,9.46,0.00,0.00,0.00,0.00,1.12,0.00,0.00,0.00,0.00,4.60,FALSE,NA,NA,NA,NA
6,9.80,0.00,0.00,0.00,0.00,0.00,0.00,8.91,0.00,0.00,0.00,0.00,1.54,0.00,0.00,0.00,0.00,5.16,FALSE,NA,NA,NA,NA
7,0.00,0.00,0.00,11.53,0.00,0.00,0.00,0.00,0.00,0.00,0.00,9.53,1.52,0.00,0.00,0.00,0.00,2.69,TRUE,491,35,HIGH,OTHER
8,0.00,0.00,0.00,11.64,0.00,0.00,0.00,0.00,0.00,0.00,0.00,11.79,2.66,0.00,0.00,0.00,0.00,2.75,TRUE,299,68,HIGH,OTHER
9,0.00,0.00,0.00,8.96,0.00,0.00,0.00,0.00,0.00,0.00,0.00,11.93,1.76,0.00,0.00,0.00,0.00,3.40,FALSE,NA,NA,NA,NA
10,0.00,0.00,0.00,8.40,0.00,0.00,0.00,0.00,0.00,0.00,0.00,11.21,2.33,0.00,0.00,0.00,0.00,4.57,FALSE,NA,NA,NA,NA
11,0.00,0.00,0.00,9.99,0.00,0.00,0.00,0.00,0.00,0.00,0.00,8.18,1.78,0.00,0.00,0.00,0.00,1.66,TRUE,25,1,MEDIUM,SHEAR-THIN
12,0.00,0.00,0.00,12.46,0.00,0.00,0.00,0.00,0.00,0.00,0.00,11.90,2.20,0.00,0.00,0.00,0.00,3.44,FALSE,NA,NA,NA,NA
13,0.00,0.00,0.00,0.00,0.00,0.00,8.61,0.00,10.15,0.00,0.00,0.00,1.58,0.00,0.00,0.00,0.00,4.08,FALSE,NA,NA,NA,NA
14,0.00,0.00,0.00,0.00,0.00,0.00,11.98,0.00,8.47,0.00,0.00,0.00,2.34,0.00,0.00,0.00,0.00,2.29,TRUE,33,6,HIGH,SHEAR-THIN
15,0.00,0.00,0.00,0.00,0.00,0.00,11.10,0.00,10.88,0.00,0.00,0.00,2.49,0.00,0.00,0.00,0.00,2.61,TRUE,35,2,HIGH,SHEAR-THIN
16,0.00,0.00,0.00,0.00,0.00,0.00,12.85,0.00,11.66,0.00,0.00,0.00,2.68,0.00,0.00,0.00,0.00,1.74,TRUE,16,1,LOW,NEWTONIAN
17,0.00,0.00,0.00,0.00,0.00,0.00,10.27,0.00,9.72,0.00,0.00,0.00,2.92,0.00,0.00,0.00,0.00,2.29,TRUE,48,23,HIGH,SHEAR-THIN
18,0.00,0.00,0.00,0.00,0.00,0.00,12.46,0.00,8.71,0.00,0.00,0.00,1.56,0.00,0.00,0.00,0.00,3.12,TRUE,332,156,HIGH,OTHER
19,0.00,0.00,0.00,0.00,0.00,0.00,0.00,0.00,0.00,8.66,8.15,0.00,0.78,0.00,0.00,0.00,0.00,2.84,FALSE,NA,NA,NA,NA
20,0.00,0.00,0.00,0.00,0.00,0.00,0.00,0.00,0.00,11.29,10.20,0.00,0.99,0.00,0.00,0.00,0.00,2.80,FALSE,NA,NA,NA,NA
21,0.00,0.00,0.00,0.00,0.00,0.00,0.00,0.00,0.00,10.85,8.31,0.00,1.47,0.00,0.00,0.00,0.00,2.60,FALSE,NA,NA,NA,NA
22,0.00,0.00,0.00,0.00,0.00,0.00,0.00,0.00,0.00,12.15,10.39,0.00,0.97,0.00,0.00,0.00,0.00,4.33,FALSE,NA,NA,NA,NA
23,0.00,0.00,0.00,0.00,0.00,0.00,0.00,0.00,0.00,10.15,8.05,0.00,2.42,0.00,0.00,0.00,0.00,3.35,FALSE,NA,NA,NA,NA
24,0.00,0.00,0.00,0.00,0.00,0.00,0.00,0.00,0.00,10.72,11.78,0.00,2.12,0.00,0.00,0.00,0.00,4.04,FALSE,NA,NA,NA,NA
25,0.00,11.96,0.00,0.00,0.00,12.31,0.00,0.00,0.00,0.00,0.00,0.00,1.79,0.00,0.00,0.00,0.00,2.35,TRUE,32,6,VERY-LOW,NEWTONIAN
26,0.00,13.43,0.00,0.00,0.00,9.65,0.00,0.00,0.00,0.00,0.00,0.00,2.15,0.00,0.00,0.00,0.00,4.35,TRUE,1404,218,NA,NA
27,0.00,8.88,0.00,0.00,0.00,13.07,0.00,0.00,0.00,0.00,0.00,0.00,1.31,0.00,0.00,0.00,0.00,2.19,TRUE,36,1,VERY-LOW,NEWTONIAN
28,0.00,11.68,0.00,0.00,0.00,9.86,0.00,0.00,0.00,0.00,0.00,0.00,1.49,0.00,0.00,0.00,0.00,1.66,TRUE,20,4,VERY-LOW,NEWTONIAN
29,0.00,10.14,0.00,0.00,0.00,13.26,0.00,0.00,0.00,0.00,0.00,0.00,2.41,0.00,0.00,0.00,0.00,3.18,TRUE,479,162,MEDIUM,SHEAR-THIN
30,0.00,8.54,0.00,0.00,0.00,12.61,0.00,0.00,0.00,0.00,0.00,0.00,2.78,0.00,0.00,0.00,0.00,4.36,FALSE,NA,NA,NA,NA
31,0.00,0.00,7.99,0.00,12.56,0.00,0.00,0.00,0.00,0.00,0.00,0.00,1.82,0.00,0.00,0.00,0.00,1.95,FALSE,NA,NA,NA,NA
32,0.00,0.00,12.68,0.00,9.81,0.00,0.00,0.00,0.00,0.00,0.00,0.00,2.54,0.00,0.00,0.00,0.00,4.01,FALSE,NA,NA,NA,NA
33,0.00,0.00,12.14,0.00,12.58,0.00,0.00,0.00,0.00,0.00,0.00,0.00,1.21,0.00,0.00,0.00,0.00,4.82,TRUE,1065,878,HIGH,SHEAR-THIN
34,0.00,0.00,9.01,0.00,8.88,0.00,0.00,0.00,0.00,0.00,0.00,0.00,2.29,0.00,0.00,0.00,0.00,2.19,FALSE,NA,NA,NA,NA
35,0.00,0.00,13.11,0.00,9.28,0.00,0.00,0.00,0.00,0.00,0.00,0.00,2.93,0.00,0.00,0.00,0.00,3.59,FALSE,NA,NA,NA,NA
36,0.00,0.00,9.16,0.00,9.22,0.00,0.00,0.00,0.00,0.00,0.00,0.00,2.68,0.00,0.00,0.00,0.00,5.08,FALSE,NA,NA,NA,NA
37,6.69,10.41,0.00,0.00,0.00,0.00,0.00,0.00,0.00,0.00,0.00,0.00,1.12,0.00,0.00,0.00,0.00,2.67,FALSE,NA,NA,NA,NA
38,12.24,0.00,9.42,0.00,0.00,0.00,0.00,0.00,0.00,0.00,0.00,0.00,0.30,0.00,0.00,0.00,0.00,1.97,FALSE,NA,NA,NA,NA
39,12.12,0.00,0.00,11.35,0.00,0.00,0.00,0.00,0.00,0.00,0.00,0.00,1.78,0.00,0.00,0.00,0.00,3.44,FALSE,NA,NA,NA,NA
40,7.70,0.00,0.00,0.00,10.74,0.00,0.00,0.00,0.00,0.00,0.00,0.00,2.42,0.00,0.00,0.00,0.00,4.77,FALSE,NA,NA,NA,NA
41,7.58,0.00,0.00,0.00,0.00,8.57,0.00,0.00,0.00,0.00,0.00,0.00,1.72,0.00,0.00,0.00,0.00,2.16,FALSE,NA,NA,NA,NA
42,12.19,0.00,0.00,0.00,0.00,0.00,12.32,0.00,0.00,0.00,0.00,0.00,0.95,0.00,0.00,0.00,0.00,2.59,FALSE,NA,NA,NA,NA
43,0.00,0.00,0.00,0.00,0.00,0.00,0.00,0.00,12.44,8.12,0.00,0.00,0.98,0.00,0.00,0.00,0.00,2.25,FALSE,NA,NA,NA,NA
44,9.24,0.00,0.00,0.00,0.00,0.00,0.00,0.00,11.17,0.00,0.00,0.00,1.68,0.00,0.00,0.00,0.00,2.84,FALSE,NA,NA,NA,NA
45,8.12,0.00,0.00,0.00,0.00,0.00,0.00,0.00,0.00,9.81,0.00,0.00,2.11,0.00,0.00,0.00,0.00,4.19,FALSE,NA,NA,NA,NA
46,10.95,0.00,0.00,0.00,0.00,0.00,0.00,0.00,0.00,0.00,10.36,0.00,1.75,0.00,0.00,0.00,0.00,5.17,FALSE,NA,NA,NA,NA
47,7.39,0.00,0.00,0.00,0.00,0.00,0.00,0.00,0.00,0.00,0.00,10.19,2.53,0.00,0.00,0.00,0.00,4.71,FALSE,NA,NA,NA,NA
48,0.00,10.90,9.89,0.00,0.00,0.00,0.00,0.00,0.00,0.00,0.00,0.00,2.56,0.00,0.00,0.00,0.00,3.32,FALSE,NA,NA,NA,NA
49,0.00,8.25,0.00,8.05,0.00,0.00,0.00,0.00,0.00,0.00,0.00,0.00,1.06,0.00,0.00,0.00,0.00,3.19,FALSE,NA,NA,NA,NA
50,0.00,8.55,0.00,0.00,11.09,0.00,0.00,0.00,0.00,0.00,0.00,0.00,2.21,0.00,0.00,0.00,0.00,4.82,FALSE,NA,NA,NA,NA
51,0.00,0.00,0.00,0.00,0.00,0.00,0.00,0.00,0.00,10.58,0.00,10.27,2.73,0.00,0.00,0.00,0.00,4.03,FALSE,NA,NA,NA,NA
52,0.00,8.33,0.00,0.00,0.00,0.00,12.09,0.00,0.00,0.00,0.00,0.00,1.33,0.00,0.00,0.00,0.00,2.32,TRUE,37,17,VERY-LOW,NEWTONIAN
53,0.00,10.27,0.00,0.00,0.00,0.00,0.00,6.75,0.00,0.00,0.00,0.00,2.03,0.00,0.00,0.00,0.00,2.85,FALSE,NA,NA,NA,NA
54,0.00,8.36,0.00,0.00,0.00,0.00,0.00,0.00,12.32,0.00,0.00,0.00,2.69,0.00,0.00,0.00,0.00,4.27,FALSE,NA,NA,NA,NA
55,0.00,12.75,0.00,0.00,0.00,0.00,0.00,0.00,0.00,11.02,0.00,0.00,2.58,0.00,0.00,0.00,0.00,3.38,FALSE,NA,NA,NA,NA
56,0.00,12.20,0.00,0.00,0.00,0.00,0.00,0.00,0.00,0.00,9.12,0.00,2.57,0.00,0.00,0.00,0.00,3.05,FALSE,NA,NA,NA,NA
57,0.00,8.82,0.00,0.00,0.00,0.00,0.00,0.00,0.00,0.00,0.00,9.60,2.02,0.00,0.00,0.00,0.00,2.30,FALSE,NA,NA,NA,NA
58,0.00,0.00,11.52,7.50,0.00,0.00,0.00,0.00,0.00,0.00,0.00,0.00,2.81,0.00,0.00,0.00,0.00,4.36,FALSE,NA,NA,NA,NA
59,0.00,0.00,0.00,0.00,0.00,0.00,0.00,0.00,0.00,0.00,9.57,10.58,1.71,0.00,0.00,0.00,0.00,3.03,FALSE,NA,NA,NA,NA
60,0.00,0.00,9.00,0.00,0.00,8.25,0.00,0.00,0.00,0.00,0.00,0.00,2.32,0.00,0.00,0.00,0.00,3.74,FALSE,NA,NA,NA,NA
61,0.00,0.00,12.10,0.00,0.00,0.00,7.86,0.00,0.00,0.00,0.00,0.00,1.53,0.00,0.00,0.00,0.00,1.57,FALSE,NA,NA,NA,NA
62,0.00,0.00,12.12,0.00,0.00,0.00,0.00,8.03,0.00,0.00,0.00,0.00,2.31,0.00,0.00,0.00,0.00,1.45,FALSE,NA,NA,NA,NA
63,0.00,0.00,11.88,0.00,0.00,0.00,0.00,0.00,12.00,0.00,0.00,0.00,1.91,0.00,0.00,0.00,0.00,2.91,TRUE,153,15,LOW,NEWTONIAN
64,0.00,0.00,8.00,0.00,0.00,0.00,0.00,0.00,0.00,9.22,0.00,0.00,1.36,0.00,0.00,0.00,0.00,4.85,FALSE,NA,NA,NA,NA
65,0.00,0.00,13.05,0.00,0.00,0.00,0.00,0.00,0.00,0.00,11.51,0.00,1.93,0.00,0.00,0.00,0.00,3.46,FALSE,NA,NA,NA,NA
66,0.00,0.00,12.38,0.00,0.00,0.00,0.00,0.00,0.00,0.00,0.00,10.58,2.46,0.00,0.00,0.00,0.00,2.31,FALSE,NA,NA,NA,NA
67,0.00,0.00,0.00,9.36,12.58,0.00,0.00,0.00,0.00,0.00,0.00,0.00,1.52,0.00,0.00,0.00,0.00,2.74,TRUE,19,0,MEDIUM,NEWTONIAN
68,0.00,0.00,0.00,12.84,0.00,11.60,0.00,0.00,0.00,0.00,0.00,0.00,0.98,0.00,0.00,0.00,0.00,3.17,FALSE,NA,NA,NA,NA
69,0.00,0.00,0.00,9.23,0.00,0.00,8.61,0.00,0.00,0.00,0.00,0.00,2.10,0.00,0.00,0.00,0.00,1.40,FALSE,NA,NA,NA,NA
70,0.00,0.00,0.00,10.14,0.00,0.00,0.00,10.88,0.00,0.00,0.00,0.00,1.67,0.00,0.00,0.00,0.00,3.71,FALSE,NA,NA,NA,NA
71,0.00,0.00,0.00,10.66,0.00,0.00,0.00,0.00,8.01,0.00,0.00,0.00,1.63,0.00,0.00,0.00,0.00,4.69,FALSE,NA,NA,NA,NA
72,0.00,0.00,0.00,10.63,0.00,0.00,0.00,0.00,0.00,9.67,0.00,0.00,1.84,0.00,0.00,0.00,0.00,2.65,FALSE,NA,NA,NA,NA
73,0.00,0.00,0.00,11.20,0.00,0.00,0.00,0.00,0.00,0.00,10.05,0.00,2.17,0.00,0.00,0.00,0.00,4.47,FALSE,NA,NA,NA,NA
74,0.00,0.00,0.00,0.00,0.00,0.00,0.00,0.00,8.10,0.00,11.98,0.00,1.45,0.00,0.00,0.00,0.00,4.83,FALSE,NA,NA,NA,NA
75,0.00,0.00,0.00,0.00,8.64,9.05,0.00,0.00,0.00,0.00,0.00,0.00,3.03,0.00,0.00,0.00,0.00,2.35,FALSE,NA,NA,NA,NA
76,0.00,0.00,0.00,0.00,13.91,0.00,8.12,0.00,0.00,0.00,0.00,0.00,2.40,0.00,0.00,0.00,0.00,2.63,FALSE,NA,NA,NA,NA
77,0.00,0.00,0.00,0.00,9.44,0.00,0.00,9.90,0.00,0.00,0.00,0.00,2.98,0.00,0.00,0.00,0.00,3.46,FALSE,NA,NA,NA,NA
78,0.00,0.00,0.00,0.00,10.18,0.00,0.00,0.00,9.29,0.00,0.00,0.00,1.31,0.00,0.00,0.00,0.00,1.93,FALSE,NA,NA,NA,NA
79,0.00,0.00,0.00,0.00,8.95,0.00,0.00,0.00,0.00,9.87,0.00,0.00,2.46,0.00,0.00,0.00,0.00,3.05,FALSE,NA,NA,NA,NA
80,0.00,0.00,0.00,0.00,8.45,0.00,0.00,0.00,0.00,0.00,8.76,0.00,1.70,0.00,0.00,0.00,0.00,3.06,FALSE,NA,NA,NA,NA
81,0.00,0.00,0.00,0.00,11.60,0.00,0.00,0.00,0.00,0.00,0.00,11.02,2.15,0.00,0.00,0.00,0.00,1.63,FALSE,NA,NA,NA,NA
82,0.00,0.00,0.00,0.00,0.00,11.27,9.11,0.00,0.00,0.00,0.00,0.00,2.12,0.00,0.00,0.00,0.00,3.43,FALSE,NA,NA,NA,NA
83,0.00,0.00,0.00,0.00,0.00,9.13,0.00,9.80,0.00,0.00,0.00,0.00,3.08,0.00,0.00,0.00,0.00,2.59,FALSE,NA,NA,NA,NA
84,0.00,0.00,0.00,0.00,0.00,9.48,0.00,0.00,8.56,0.00,0.00,0.00,1.47,0.00,0.00,0.00,0.00,4.37,FALSE,NA,NA,NA,NA
85,0.00,0.00,0.00,0.00,0.00,11.40,0.00,0.00,0.00,11.66,0.00,0.00,1.80,0.00,0.00,0.00,0.00,3.89,FALSE,NA,NA,NA,NA
86,0.00,0.00,0.00,0.00,0.00,9.00,0.00,0.00,0.00,0.00,12.37,0.00,1.19,0.00,0.00,0.00,0.00,2.27,FALSE,NA,NA,NA,NA
87,0.00,0.00,0.00,0.00,0.00,11.49,0.00,0.00,0.00,0.00,0.00,9.68,1.08,0.00,0.00,0.00,0.00,3.23,FALSE,NA,NA,NA,NA
88,0.00,0.00,0.00,0.00,0.00,0.00,11.86,6.30,0.00,0.00,0.00,0.00,2.82,0.00,0.00,0.00,0.00,4.34,FALSE,NA,NA,NA,NA
89,0.00,0.00,0.00,0.00,0.00,0.00,0.00,0.00,11.56,0.00,0.00,8.63,2.04,0.00,0.00,0.00,0.00,4.28,FALSE,NA,NA,NA,NA
90,0.00,0.00,0.00,0.00,0.00,0.00,12.41,0.00,0.00,13.07,0.00,0.00,2.49,0.00,0.00,0.00,0.00,2.57,FALSE,NA,NA,NA,NA
91,0.00,0.00,0.00,0.00,0.00,0.00,12.80,0.00,0.00,0.00,12.62,0.00,1.93,0.00,0.00,0.00,0.00,3.74,FALSE,NA,NA,NA,NA
92,0.00,0.00,0.00,0.00,0.00,0.00,11.23,0.00,0.00,0.00,0.00,10.15,1.06,0.00,0.00,0.00,0.00,3.94,FALSE,NA,NA,NA,NA
93,0.00,0.00,0.00,0.00,0.00,0.00,0.00,7.46,13.11,0.00,0.00,0.00,1.65,0.00,0.00,0.00,0.00,4.67,FALSE,NA,NA,NA,NA
94,0.00,0.00,0.00,0.00,0.00,0.00,0.00,9.00,0.00,11.63,0.00,0.00,1.15,0.00,0.00,0.00,0.00,4.11,FALSE,NA,NA,NA,NA
95,0.00,0.00,0.00,0.00,0.00,0.00,0.00,10.06,0.00,0.00,12.17,0.00,2.66,0.00,0.00,0.00,0.00,1.73,FALSE,NA,NA,NA,NA
96,0.00,0.00,0.00,0.00,0.00,0.00,0.00,10.10,0.00,0.00,0.00,8.64,2.77,0.00,0.00,0.00,0.00,2.22,FALSE,NA,NA,NA,NA
97,8.47,0.00,0.00,0.00,0.00,0.00,0.00,0.00,13.52,0.00,0.00,0.00,2.72,0.00,0.00,0.00,0.00,0.92,FALSE,NA,NA,NA,NA
98,0.00,0.00,0.00,0.00,0.00,0.00,0.00,0.00,0.00,12.88,0.00,8.72,1.35,0.00,0.00,0.00,0.00,1.14,FALSE,NA,NA,NA,NA
99,0.00,0.00,0.00,0.00,0.00,0.00,7.75,0.00,0.00,0.00,0.00,8.49,2.75,0.00,0.00,0.00,0.00,1.21,FALSE,NA,NA,NA,NA
100,0.00,0.00,0.00,0.00,0.00,0.00,10.09,0.00,0.00,0.00,11.30,0.00,1.42,0.00,0.00,0.00,0.00,1.36,FALSE,NA,NA,NA,NA
101,0.00,0.00,0.00,0.00,0.00,9.87,0.00,0.00,13.09,0.00,0.00,0.00,1.15,0.00,0.00,0.00,0.00,1.23,TRUE,21,1,LOW,SHEAR-THIN
102,0.00,0.00,0.00,8.37,9.11,0.00,0.00,0.00,0.00,0.00,0.00,0.00,2.35,0.00,0.00,0.00,0.00,1.44,TRUE,18,1,VERY-LOW,NEWTONIAN
103,0.00,0.00,0.00,0.00,0.00,0.00,0.00,0.00,8.15,0.00,0.00,10.31,2.50,0.00,0.00,0.00,0.00,1.52,TRUE,22,0,VERY-LOW,NEWTONIAN
104,0.00,0.00,0.00,0.00,0.00,0.00,0.00,0.00,10.68,12.83,0.00,0.00,2.54,0.00,0.00,0.00,0.00,4.72,FALSE,NA,NA,NA,NA
105,5.45,11.75,0.00,0.00,0.00,0.00,0.00,0.00,0.00,0.00,0.00,0.00,2.55,0.00,0.00,0.00,0.00,1.88,FALSE,NA,NA,NA,NA
106,0.00,13.49,0.00,0.00,0.00,0.00,0.00,10.44,0.00,0.00,0.00,0.00,2.92,0.00,0.00,0.00,0.00,4.88,FALSE,NA,NA,NA,NA
107,0.00,13.08,0.00,0.00,0.00,0.00,0.00,0.00,0.00,0.00,11.85,0.00,1.78,0.00,0.00,0.00,0.00,1.98,FALSE,NA,NA,NA,NA
108,0.00,0.00,0.00,0.00,0.00,12.34,0.00,0.00,0.00,8.93,0.00,0.00,3.07,0.00,0.00,0.00,0.00,2.14,FALSE,NA,NA,NA,NA
109,0.00,11.91,0.00,0.00,0.00,0.00,0.00,9.94,0.00,0.00,0.00,0.00,1.10,0.00,0.00,0.00,0.00,0.94,TRUE,30,1,VERY-LOW,NEWTONIAN
110,0.00,0.00,7.66,0.00,0.00,0.00,0.00,0.00,0.00,0.00,0.00,13.12,0.99,0.00,0.00,0.00,0.00,1.43,FALSE,NA,NA,NA,NA
111,0.00,0.00,0.00,8.53,7.62,0.00,0.00,0.00,0.00,0.00,0.00,0.00,0.98,0.00,0.00,0.00,0.00,1.33,TRUE,18,0,VERY-LOW,NEWTONIAN
112,0.00,0.00,0.00,0.00,0.00,0.00,0.00,0.00,0.00,7.80,0.00,11.84,1.97,0.00,0.00,0.00,0.00,1.23,FALSE,NA,NA,NA,NA
113,0.00,0.00,0.00,0.00,0.00,12.39,8.04,0.00,0.00,0.00,0.00,0.00,3.02,0.00,0.00,0.00,0.00,1.31,TRUE,32,2,MEDIUM,SHEAR-THIN
114,0.00,0.00,0.00,0.00,0.00,12.17,0.00,0.00,11.06,0.00,0.00,0.00,2.86,0.00,0.00,0.00,0.00,4.62,FALSE,NA,NA,NA,NA
115,0.00,0.00,0.00,0.00,0.00,7.92,0.00,0.00,0.00,12.63,0.00,0.00,2.17,0.00,0.00,0.00,0.00,1.35,FALSE,NA,NA,NA,NA
116,0.00,0.00,0.00,0.00,0.00,0.00,0.00,0.00,9.13,0.00,0.00,11.78,2.81,0.00,0.00,0.00,0.00,2.11,TRUE,35,1,LOW,SHEAR-THIN
117,0.00,0.00,0.00,0.00,11.91,13.74,0.00,0.00,0.00,0.00,0.00,0.00,1.13,0.00,0.00,0.00,0.00,4.32,FALSE,NA,NA,NA,NA
118,0.00,0.00,0.00,0.00,0.00,0.00,0.00,11.81,9.82,0.00,0.00,0.00,1.24,0.00,0.00,0.00,0.00,1.70,FALSE,NA,NA,NA,NA
119,0.00,0.00,0.00,0.00,0.00,11.58,0.00,8.63,0.00,0.00,0.00,0.00,1.87,0.00,0.00,0.00,0.00,1.47,FALSE,NA,NA,NA,NA
120,0.00,0.00,0.00,0.00,13.32,0.00,0.00,0.00,0.00,0.00,0.00,8.28,2.67,0.00,0.00,0.00,0.00,4.34,FALSE,NA,NA,NA,NA
121,0.00,0.00,0.00,0.00,0.00,0.00,0.00,0.00,11.11,0.00,12.97,0.00,2.56,0.00,0.00,0.00,0.00,1.49,FALSE,NA,NA,NA,NA
122,0.00,0.00,0.00,0.00,0.00,0.00,10.83,11.02,0.00,0.00,0.00,0.00,2.96,0.00,0.00,0.00,0.00,3.39,FALSE,NA,NA,NA,NA
123,0.00,0.00,0.00,0.00,0.00,0.00,12.53,12.00,0.00,0.00,0.00,0.00,1.61,0.00,0.00,0.00,0.00,2.00,FALSE,NA,NA,NA,NA
124,0.00,0.00,0.00,12.02,0.00,0.00,0.00,0.00,13.18,0.00,0.00,0.00,1.13,0.00,0.00,0.00,0.00,2.79,FALSE,NA,NA,NA,NA
125,0.00,0.00,0.00,0.00,0.00,0.00,0.00,0.00,10.40,0.00,0.00,10.55,1.17,0.00,0.00,0.00,0.00,5.24,FALSE,NA,NA,NA,NA
126,0.00,0.00,0.00,0.00,0.00,0.00,13.08,0.00,0.00,0.00,0.00,8.95,2.16,0.00,0.00,0.00,0.00,5.52,FALSE,NA,NA,NA,NA
127,0.00,0.00,0.00,0.00,0.00,0.00,9.69,0.00,12.51,0.00,0.00,0.00,0.79,0.00,0.00,0.00,0.00,3.45,FALSE,NA,NA,NA,NA
128,0.00,12.90,0.00,0.00,0.00,0.00,0.00,10.49,0.00,0.00,0.00,0.00,1.54,0.00,0.00,0.00,0.00,4.90,FALSE,NA,NA,NA,NA
129,0.00,0.00,0.00,0.00,0.00,7.59,0.00,0.00,0.00,0.00,0.00,10.81,2.79,0.00,0.00,0.00,0.00,2.07,FALSE,NA,NA,NA,NA
130,0.00,0.00,0.00,0.00,0.00,0.00,0.00,0.00,0.00,0.00,12.14,12.55,2.32,0.00,0.00,0.00,0.00,1.85,FALSE,NA,NA,NA,NA
131,0.00,0.00,0.00,0.00,0.00,0.00,11.28,0.00,0.00,0.00,0.00,13.02,1.55,0.00,0.00,0.00,0.00,2.16,TRUE,252,72,MEDIUM,OTHER
132,0.00,0.00,0.00,0.00,0.00,0.00,0.00,12.87,0.00,0.00,0.00,12.92,2.90,0.00,0.00,0.00,0.00,4.32,FALSE,NA,NA,NA,NA
133,0.00,0.00,0.00,0.00,0.00,9.28,11.56,0.00,0.00,0.00,0.00,0.00,2.04,0.00,0.00,0.00,0.00,2.26,FALSE,NA,NA,NA,NA
134,0.00,0.00,0.00,0.00,0.00,0.00,0.00,0.00,0.00,7.91,0.00,12.90,2.77,0.00,0.00,0.00,0.00,3.08,FALSE,NA,NA,NA,NA
135,0.00,0.00,0.00,0.00,0.00,0.00,0.00,10.95,0.00,0.00,9.89,0.00,1.76,0.00,0.00,0.00,0.00,1.79,FALSE,NA,NA,NA,NA
136,0.00,0.00,0.00,0.00,0.00,0.00,0.00,11.23,0.00,0.00,0.00,12.27,1.45,0.00,0.00,0.00,0.00,2.45,FALSE,NA,NA,NA,NA
137,0.00,0.00,0.00,0.00,11.32,0.00,12.14,0.00,0.00,0.00,0.00,0.00,2.05,0.00,0.00,0.00,0.00,1.90,TRUE,430,9,HIGH,OTHER
138,6.68,0.00,0.00,0.00,0.00,12.45,0.00,0.00,0.00,0.00,0.00,0.00,1.13,0.00,0.00,0.00,0.00,1.88,FALSE,NA,NA,NA,NA
139,0.00,0.00,0.00,0.00,0.00,0.00,0.00,0.00,12.51,0.00,9.10,0.00,1.74,0.00,0.00,0.00,0.00,2.43,FALSE,NA,NA,NA,NA
140,0.00,0.00,0.00,11.04,0.00,10.52,0.00,0.00,0.00,0.00,0.00,0.00,2.96,0.00,0.00,0.00,0.00,2.18,FALSE,NA,NA,NA,NA
141,0.00,0.00,0.00,0.00,0.00,0.00,9.20,0.00,0.00,0.00,0.00,11.89,2.36,0.00,0.00,0.00,0.00,3.78,FALSE,NA,NA,NA,NA
142,0.00,0.00,0.00,10.13,8.85,0.00,0.00,0.00,0.00,0.00,0.00,0.00,2.07,0.00,0.00,0.00,0.00,1.83,TRUE,20,1,LOW ,NEWTONIAN
143,0.00,10.84,0.00,0.00,0.00,0.00,0.00,11.41,0.00,0.00,0.00,0.00,1.20,0.00,0.00,0.00,0.00,3.28,FALSE,NA,NA,NA,NA
144,0.00,0.00,0.00,0.00,0.00,10.40,0.00,13.16,0.00,0.00,0.00,0.00,2.22,0.00,0.00,0.00,0.00,2.51,FALSE,NA,NA,NA,NA
145,0.00,0.00,0.00,0.00,11.25,0.00,0.00,0.00,12.96,0.00,0.00,0.00,2.72,0.00,0.00,0.00,0.00,1.00,TRUE,41,2,LOW,NEWTONIAN
146,0.00,0.00,0.00,0.00,13.80,0.00,0.00,0.00,0.00,0.00,10.95,0.00,1.06,0.00,0.00,0.00,0.00,1.50,FALSE,NA,NA,NA,NA
147,0.00,0.00,0.00,6.58,12.27,0.00,0.00,0.00,0.00,0.00,0.00,0.00,2.88,0.00,0.00,0.00,0.00,3.68,TRUE,27,4,MEDIUM,SHEAR-THIN
148,0.00,0.00,0.00,0.00,0.00,0.00,0.00,11.52,0.00,10.98,0.00,0.00,2.26,0.00,0.00,0.00,0.00,1.67,FALSE,NA,NA,NA,NA
149,0.00,0.00,0.00,0.00,0.00,0.00,10.10,0.00,0.00,12.93,0.00,0.00,1.02,0.00,0.00,0.00,0.00,2.22,FALSE,NA,NA,NA,NA
150,0.00,0.00,0.00,12.49,0.00,0.00,0.00,0.00,9.58,0.00,0.00,0.00,2.52,0.00,0.00,0.00,0.00,1.66,TRUE,48,5,MEDIUM,SHEAR-THIN
151,0.00,10.96,0.00,0.00,0.00,0.00,12.72,0.00,0.00,0.00,0.00,0.00,1.56,0.00,0.00,0.00,0.00,1.10,TRUE,26,2,VERY-LOW,NEWTONIAN
152,0.00,0.00,0.00,10.89,0.00,0.00,0.00,0.00,0.00,0.00,12.36,0.00,1.60,0.00,0.00,0.00,0.00,1.43,FALSE,NA,NA,NA,NA
153,0.00,0.00,0.00,13.20,6.73,0.00,0.00,0.00,0.00,0.00,0.00,0.00,1.34,0.00,0.00,0.00,0.00,3.75,TRUE,52,17,MEDIUM,SHEAR-THIN
154,0.00,0.00,0.00,0.00,13.36,0.00,10.50,0.00,0.00,0.00,0.00,0.00,2.70,0.00,0.00,0.00,0.00,1.62,TRUE,40,33,MEDIUM,SHEAR-THIN
155,0.00,0.00,0.00,0.00,0.00,0.00,9.29,0.00,10.50,0.00,0.00,0.00,1.39,0.00,0.00,0.00,0.00,1.28,TRUE,15,0,VERY-LOW,NEWTONIAN
156,0.00,0.00,0.00,0.00,0.00,12.67,0.00,0.00,0.00,9.83,0.00,0.00,2.31,0.00,0.00,0.00,0.00,2.97,FALSE,NA,NA,NA,NA
157,0.00,0.00,0.00,8.29,10.50,0.00,0.00,0.00,0.00,0.00,0.00,0.00,0.89,0.00,0.00,0.00,0.00,4.26,TRUE,142,5,MEDIUM,SHEAR-THIN
158,0.00,0.00,0.00,13.80,0.00,0.00,7.74,0.00,0.00,0.00,0.00,0.00,2.71,0.00,0.00,0.00,0.00,2.45,FALSE,NA,NA,NA,NA
159,0.00,0.00,0.00,0.00,0.00,0.00,0.00,0.00,10.40,0.00,0.00,8.87,2.63,0.00,0.00,0.00,0.00,1.40,TRUE,15,1,VERY-LOW,NEWTONIAN
160,0.00,0.00,0.00,13.19,13.32,0.00,0.00,0.00,0.00,0.00,0.00,0.00,2.18,0.00,0.00,0.00,0.00,4.63,TRUE,20,0,MEDIUM,NEWTONIAN
161,0.00,8.48,0.00,12.68,0.00,0.00,0.00,0.00,0.00,0.00,0.00,0.00,1.46,0.00,0.00,0.00,0.00,1.62,FALSE,NA,NA,NA,NA
162,0.00,0.00,0.00,0.00,0.00,0.00,12.25,0.00,0.00,0.00,0.00,10.53,1.96,0.00,0.00,0.00,0.00,3.33,FALSE,NA,NA,NA,NA
163,0.00,0.00,0.00,0.00,0.00,10.00,0.00,0.00,0.00,12.13,0.00,0.00,2.58,0.00,0.00,0.00,0.00,1.43,FALSE,NA,NA,NA,NA
164,0.00,0.00,0.00,0.00,0.00,0.00,0.00,0.00,12.33,0.00,0.00,12.73,1.40,0.00,0.00,0.00,0.00,1.65,TRUE,14,0,VERY-LOW,NEWTONIAN
165,0.00,12.42,0.00,0.00,0.00,0.00,0.00,0.00,0.00,9.05,0.00,0.00,1.16,0.00,0.00,0.00,0.00,2.11,FALSE,NA,NA,NA,NA
166,0.00,0.00,0.00,10.83,7.20,0.00,0.00,0.00,0.00,0.00,0.00,0.00,2.78,0.00,0.00,0.00,0.00,3.28,TRUE,31,0,MEDIUM,SHEAR-THIN
167,0.00,0.00,0.00,0.00,0.00,0.00,8.25,0.00,0.00,0.00,0.00,11.68,1.03,0.00,0.00,0.00,0.00,2.04,TRUE,118,21,MEDIUM,OTHER
168,0.00,0.00,0.00,0.00,0.00,0.00,13.09,0.00,0.00,9.88,0.00,0.00,2.23,0.00,0.00,0.00,0.00,1.59,FALSE,NA,NA,NA,NA
169,0.00,10.27,0.00,0.00,0.00,0.00,0.00,11.38,0.00,0.00,0.00,0.00,2.07,0.00,0.00,0.00,0.00,1.19,TRUE,275,45,VERY-LOW,NEWTONIAN
170,0.00,0.00,0.00,0.00,0.00,0.00,0.00,8.92,12.68,0.00,0.00,0.00,1.90,0.00,0.00,0.00,0.00,1.80,TRUE,50,4,MEDIUM,SHEAR-THIN
171,0.00,0.00,0.00,0.00,0.00,0.00,0.00,0.00,12.89,0.00,0.00,9.80,2.08,0.00,0.00,0.00,0.00,2.47,TRUE,40,4,MEDIUM,SHEAR-THIN
172,0.00,9.79,0.00,0.00,0.00,0.00,0.00,0.00,12.17,0.00,0.00,0.00,1.16,0.00,0.00,0.00,0.00,2.20,FALSE,NA,NA,NA,NA
173,0.00,0.00,0.00,10.41,0.00,0.00,9.87,0.00,0.00,0.00,0.00,0.00,2.82,0.00,0.00,0.00,0.00,1.74,FALSE,NA,NA,NA,NA
174,0.00,12.50,0.00,0.00,10.99,0.00,0.00,0.00,0.00,0.00,0.00,0.00,1.28,0.00,0.00,0.00,0.00,1.48,FALSE,NA,NA,NA,NA
175,0.00,0.00,0.00,11.56,0.00,0.00,0.00,0.00,0.00,0.00,8.47,0.00,2.28,0.00,0.00,0.00,0.00,1.65,FALSE,NA,NA,NA,NA
176,0.00,0.00,0.00,12.92,10.90,0.00,0.00,0.00,0.00,0.00,0.00,0.00,1.37,0.00,0.00,0.00,0.00,2.62,TRUE,19,0,LOW,SHEAR-THIN
177,0.00,0.00,0.00,0.00,0.00,0.00,0.00,0.00,11.40,12.64,0.00,0.00,1.39,0.00,0.00,0.00,0.00,3.26,FALSE,NA,NA,NA,NA
178,0.00,0.00,0.00,0.00,0.00,0.00,9.92,0.00,0.00,0.00,0.00,10.95,2.91,0.00,0.00,0.00,0.00,2.22,FALSE,NA,NA,NA,NA
179,0.00,0.00,0.00,0.00,0.00,0.00,9.52,0.00,13.08,0.00,0.00,0.00,2.79,0.00,0.00,0.00,0.00,1.65,TRUE,18,0,VERY-LOW,NEWTONIAN
180,0.00,0.00,0.00,0.00,0.00,0.00,0.00,0.00,11.28,0.00,0.00,8.45,1.15,0.00,0.00,0.00,0.00,1.56,TRUE,21,0,VERY-LOW,NEWTONIAN
181,0.00,0.00,6.84,12.49,0.00,0.00,0.00,0.00,0.00,0.00,0.00,0.00,2.75,0.00,0.00,0.00,0.00,1.27,FALSE,NA,NA,NA,NA
182,0.00,0.00,0.00,0.00,0.00,0.00,0.00,11.29,0.00,13.20,0.00,0.00,1.34,0.00,0.00,0.00,0.00,2.40,FALSE,NA,NA,NA,NA
183,0.00,0.00,0.00,13.08,0.00,0.00,11.41,0.00,0.00,0.00,0.00,0.00,2.86,0.00,0.00,0.00,0.00,1.46,TRUE,169,16,HIGH,SHEAR-THIN
184,0.00,0.00,0.00,8.95,0.00,0.00,0.00,0.00,12.61,0.00,0.00,0.00,2.24,0.00,0.00,0.00,0.00,3.07,FALSE,NA,NA,NA,NA
185,0.00,0.00,0.00,9.36,7.53,0.00,0.00,0.00,0.00,0.00,0.00,0.00,3.01,0.00,0.00,0.00,0.00,4.90,FALSE,NA,NA,NA,NA
186,0.00,0.00,0.00,9.37,0.00,0.00,0.00,0.00,12.24,0.00,0.00,0.00,2.82,0.00,0.00,0.00,0.00,1.59,TRUE,236,36,MEDIUM,OTHER
187,0.00,0.00,11.00,10.99,0.00,0.00,0.00,0.00,0.00,0.00,0.00,0.00,0.83,0.00,0.00,0.00,0.00,1.08,FALSE,NA,NA,NA,NA
188,0.00,0.00,0.00,0.00,0.00,0.00,10.15,0.00,8.02,0.00,0.00,0.00,1.18,0.00,0.00,0.00,0.00,1.10,TRUE,18,0,VERY-LOW,NEWTONIAN
189,0.00,0.00,0.00,12.42,8.93,0.00,0.00,0.00,0.00,0.00,0.00,0.00,2.51,0.00,0.00,0.00,0.00,1.28,TRUE,20,0,VERY-LOW,NEWTONIAN
190,0.00,0.00,0.00,0.00,0.00,0.00,0.00,0.00,9.03,0.00,0.00,9.54,1.09,0.00,0.00,0.00,0.00,1.20,TRUE,14,1,VERY-LOW,NEWTONIAN
191,0.00,0.00,12.46,0.00,0.00,0.00,0.00,0.00,12.59,0.00,0.00,0.00,2.29,0.00,0.00,0.00,0.00,1.09,TRUE,21,0,VERY-LOW,NEWTONIAN
192,0.00,13.24,0.00,0.00,0.00,0.00,0.00,10.59,0.00,0.00,0.00,0.00,2.89,0.00,0.00,0.00,0.00,3.05,TRUE,90,12,VERY-LOW,NEWTONIAN
193,0.00,0.00,0.00,0.00,6.76,0.00,0.00,0.00,0.00,0.00,0.00,12.90,0.86,0.00,0.00,0.00,0.00,2.79,FALSE,NA,NA,NA,NA
194,0.00,0.00,0.00,8.94,0.00,0.00,0.00,0.00,11.58,0.00,0.00,0.00,2.60,0.00,0.00,0.00,0.00,2.80,FALSE,NA,NA,NA,NA
195,0.00,0.00,0.00,0.00,13.21,0.00,0.00,0.00,0.00,0.00,0.00,10.31,1.56,0.00,0.00,0.00,0.00,1.57,TRUE,23,0,LOW,NEWTONIAN
196,0.00,0.00,0.00,12.94,0.00,0.00,0.00,0.00,10.52,0.00,0.00,0.00,1.72,0.00,0.00,0.00,0.00,1.66,TRUE,25,1,MEDIUM,SHEAR-THIN
197,0.00,0.00,0.00,12.88,7.99,0.00,0.00,0.00,0.00,0.00,0.00,0.00,2.17,0.00,0.00,0.00,0.00,3.03,TRUE,21,1,MEDIUM,SHEAR-THIN
198,0.00,0.00,0.00,0.00,13.50,0.00,0.00,0.00,11.34,0.00,0.00,0.00,2.86,0.00,0.00,0.00,0.00,2.95,TRUE,396,3,LOW,OTHER
199,0.00,0.00,0.00,0.00,0.00,9.09,13.12,0.00,0.00,0.00,0.00,0.00,1.56,0.00,0.00,0.00,0.00,2.67,FALSE,NA,NA,NA,NA
200,0.00,0.00,0.00,7.00,10.79,0.00,0.00,0.00,0.00,0.00,0.00,0.00,2.56,0.00,0.00,0.00,0.00,3.48,TRUE,42,1,MEDIUM,SHEAR-THIN
201,0.00,0.00,10.64,0.00,0.00,0.00,0.00,0.00,0.00,0.00,0.00,11.80,1.26,0.00,0.00,0.00,0.00,1.43,TRUE,914,48,MEDIUM,SHEAR-THIN
202,0.00,0.00,0.00,0.00,9.24,0.00,0.00,0.00,0.00,0.00,0.00,11.69,2.90,0.00,0.00,0.00,0.00,3.13,FALSE,NA,NA,NA,NA
203,0.00,0.00,0.00,0.00,0.00,0.00,13.04,0.00,0.00,0.00,0.00,9.25,1.63,0.00,0.00,0.00,0.00,1.70,TRUE,44,5,MEDIUM,SHEAR-THIN
204,0.00,0.00,0.00,0.00,0.00,0.00,10.67,0.00,0.00,0.00,0.00,8.95,1.20,0.00,0.00,0.00,0.00,2.64,FALSE,NA,NA,NA,NA
205,0.00,0.00,0.00,11.70,8.48,0.00,0.00,0.00,0.00,0.00,0.00,0.00,1.22,0.00,0.00,0.00,0.00,3.95,TRUE,51,2,MEDIUM,SHEAR-THIN
206,0.00,0.00,0.00,0.00,0.00,0.00,0.00,0.00,8.14,0.00,0.00,10.90,1.42,0.00,0.00,0.00,0.00,3.04,FALSE,NA,NA,NA,NA
207,0.00,0.00,9.82,0.00,0.00,0.00,0.00,0.00,13.09,0.00,0.00,0.00,1.37,0.00,0.00,0.00,0.00,2.33,TRUE,22,1,VERY-LOW,NEWTONIAN
208,0.00,0.00,0.00,9.91,0.00,0.00,0.00,0.00,0.00,0.00,0.00,12.25,1.23,0.00,0.00,0.00,0.00,1.65,TRUE,21,3,MEDIUM,SHEAR-THIN
209,0.00,0.00,0.00,12.73,9.42,0.00,0.00,0.00,0.00,0.00,0.00,0.00,1.17,0.00,0.00,0.00,0.00,1.26,TRUE,19,1,VERY-LOW,NEWTONIAN
210,0.00,0.00,0.00,0.00,0.00,0.00,12.92,0.00,0.00,0.00,7.73,0.00,2.65,0.00,0.00,0.00,0.00,1.20,FALSE,NA,NA,NA,NA
211,0.00,0.00,0.00,0.00,0.00,0.00,13.21,8.00,0.00,0.00,0.00,0.00,1.11,0.00,0.00,0.00,0.00,2.54,FALSE,NA,NA,NA,NA
212,0.00,0.00,0.00,11.88,0.00,0.00,0.00,0.00,8.81,0.00,0.00,0.00,2.63,0.00,0.00,0.00,0.00,3.14,FALSE,NA,NA,NA,NA
213,0.00,0.00,0.00,0.00,11.90,0.00,0.00,0.00,0.00,0.00,0.00,12.95,1.75,0.00,0.00,0.00,0.00,3.41,FALSE,NA,NA,NA,NA
214,0.00,0.00,0.00,9.69,9.17,0.00,0.00,0.00,0.00,0.00,0.00,0.00,2.56,0.00,0.00,0.00,0.00,4.02,FALSE,NA,NA,NA,NA
215,0.00,0.00,0.00,0.00,0.00,0.00,0.00,0.00,10.09,0.00,0.00,12.41,1.98,0.00,0.00,0.00,0.00,3.55,FALSE,NA,NA,NA,NA
216,0.00,0.00,0.00,10.28,13.05,0.00,0.00,0.00,0.00,0.00,0.00,0.00,1.01,0.00,0.00,0.00,0.00,1.97,TRUE,17,0,LOW,NEWTONIAN
217,0.00,0.00,0.00,0.00,0.00,0.00,0.00,6.51,0.00,0.00,0.00,11.93,1.05,0.00,0.00,0.00,1.14,0.00,TRUE,28,2,LOW ,SHEAR-THIN
218,0.00,11.78,6.59,0.00,0.00,0.00,0.00,0.00,0.00,0.00,0.00,0.00,2.43,0.00,0.00,0.00,2.51,0.00,FALSE,NA,NA,NA,NA
219,0.00,0.00,0.00,0.00,0.00,0.00,0.00,0.00,0.00,9.13,8.19,0.00,1.08,0.00,0.00,0.00,2.65,0.00,FALSE,NA,NA,NA,NA
220,0.00,0.00,9.40,0.00,0.00,0.00,0.00,12.26,0.00,0.00,0.00,0.00,1.80,0.00,0.00,0.00,1.65,0.00,FALSE,NA,NA,NA,NA
221,0.00,0.00,0.00,0.00,11.27,0.00,0.00,12.13,0.00,0.00,0.00,0.00,2.24,0.00,0.00,0.00,2.07,0.00,FALSE,NA,NA,NA,NA
222,6.30,10.49,0.00,0.00,0.00,0.00,0.00,0.00,0.00,0.00,0.00,0.00,2.03,0.00,0.00,0.00,3.79,0.00,FALSE,NA,NA,NA,NA
223,5.86,0.00,9.53,0.00,0.00,0.00,0.00,0.00,0.00,0.00,0.00,0.00,2.64,0.00,0.00,0.00,2.89,0.00,FALSE,NA,NA,NA,NA
224,0.00,0.00,0.00,0.00,0.00,0.00,11.23,0.00,0.00,0.00,0.00,11.49,2.92,0.00,0.00,0.00,3.98,0.00,FALSE,NA,NA,NA,NA
225,0.00,0.00,7.86,0.00,0.00,10.05,0.00,0.00,0.00,0.00,0.00,0.00,1.78,0.00,0.00,0.00,2.35,0.00,FALSE,NA,NA,NA,NA
226,0.00,0.00,0.00,7.28,0.00,0.00,0.00,6.63,0.00,0.00,0.00,0.00,1.48,0.00,0.00,0.00,2.23,0.00,FALSE,NA,NA,NA,NA
227,0.00,0.00,12.96,0.00,0.00,0.00,11.95,0.00,0.00,0.00,0.00,0.00,2.16,0.00,0.00,0.00,4.04,0.00,FALSE,NA,NA,NA,NA
228,0.00,0.00,8.17,0.00,0.00,0.00,0.00,0.00,0.00,7.98,0.00,0.00,2.41,0.00,0.00,0.00,3.79,0.00,FALSE,NA,NA,NA,NA
229,0.00,0.00,0.00,0.00,8.60,0.00,0.00,0.00,0.00,10.81,0.00,0.00,2.00,0.00,0.00,0.00,4.96,0.00,FALSE,NA,NA,NA,NA
230,0.00,9.78,0.00,0.00,8.80,0.00,0.00,0.00,0.00,0.00,0.00,0.00,1.19,0.00,0.00,0.00,3.26,0.00,FALSE,NA,NA,NA,NA
231,0.00,0.00,0.00,0.00,0.00,0.00,0.00,11.41,11.02,0.00,0.00,0.00,2.33,0.00,0.00,0.00,3.03,0.00,TRUE,25,1,LOW,SHEAR-THIN
232,0.00,0.00,0.00,0.00,0.00,0.00,0.00,0.00,0.00,0.00,11.92,11.85,1.29,0.00,0.00,0.00,4.89,0.00,FALSE,NA,NA,NA,NA
233,0.00,0.00,0.00,6.93,12.13,0.00,0.00,0.00,0.00,0.00,0.00,0.00,1.43,0.00,0.00,0.00,3.45,0.00,TRUE,28,1,LOW,SHEAR-THIN
234,0.00,0.00,0.00,9.21,0.00,12.07,0.00,0.00,0.00,0.00,0.00,0.00,2.57,0.00,0.00,0.00,2.73,0.00,FALSE,NA,NA,NA,NA
235,0.00,0.00,11.08,0.00,0.00,0.00,0.00,0.00,9.28,0.00,0.00,0.00,1.45,0.00,0.00,0.00,1.64,0.00,FALSE,NA,NA,NA,NA
236,8.02,0.00,0.00,0.00,0.00,0.00,0.00,0.00,0.00,0.00,9.22,0.00,1.97,0.00,0.00,0.00,4.67,0.00,FALSE,NA,NA,NA,NA
237,0.00,0.00,0.00,0.00,0.00,0.00,10.79,0.00,0.00,0.00,13.18,0.00,1.32,0.00,0.00,0.00,4.19,0.00,FALSE,NA,NA,NA,NA
238,0.00,0.00,0.00,8.00,0.00,0.00,0.00,0.00,0.00,0.00,8.48,0.00,1.58,0.00,0.00,0.00,3.43,0.00,FALSE,NA,NA,NA,NA
239,0.00,0.00,0.00,0.00,0.00,12.48,0.00,7.62,0.00,0.00,0.00,0.00,2.07,0.00,0.00,0.00,4.92,0.00,FALSE,NA,NA,NA,NA
240,8.22,0.00,0.00,0.00,0.00,9.35,0.00,0.00,0.00,0.00,0.00,0.00,1.02,0.00,0.00,0.00,4.07,0.00,FALSE,NA,NA,NA,NA
241,0.00,0.00,0.00,6.68,0.00,0.00,0.00,0.00,12.93,0.00,0.00,0.00,1.58,0.00,0.00,0.00,2.99,0.00,TRUE,23,1,LOW,SHEAR-THIN
242,0.00,0.00,0.00,0.00,0.00,0.00,8.68,0.00,13.23,0.00,0.00,0.00,1.42,0.00,0.00,0.00,4.91,0.00,FALSE,NA,NA,NA,NA
243,0.00,0.00,0.00,0.00,0.00,0.00,0.00,0.00,11.41,0.00,8.80,0.00,1.61,0.00,0.00,0.00,1.22,0.00,FALSE,NA,NA,NA,NA
244,0.00,0.00,0.00,0.00,0.00,12.64,9.97,0.00,0.00,0.00,0.00,0.00,2.51,0.00,0.00,0.00,4.32,0.00,FALSE,NA,NA,NA,NA
245,0.00,0.00,0.00,9.30,0.00,0.00,10.07,0.00,0.00,0.00,0.00,0.00,2.66,0.00,0.00,0.00,2.45,0.00,TRUE,30,1,LOW,SHEAR-THIN
246,0.00,0.00,0.00,0.00,7.28,0.00,0.00,0.00,0.00,0.00,0.00,12.58,1.20,0.00,0.00,0.00,1.96,0.00,TRUE,17,2,VERY-LOW,NEWTONIAN
247,0.00,0.00,0.00,0.00,11.85,0.00,0.00,0.00,9.72,0.00,0.00,0.00,2.56,0.00,0.00,0.00,1.72,0.00,TRUE,22,1,LOW,NEWTONIAN
248,0.00,0.00,0.00,0.00,0.00,0.00,0.00,0.00,9.73,0.00,0.00,9.92,2.83,0.00,0.00,0.00,1.46,0.00,TRUE,21,1,VERY-LOW,NEWTONIAN
249,0.00,0.00,0.00,0.00,0.00,9.54,0.00,0.00,0.00,0.00,9.26,0.00,2.17,0.00,0.00,0.00,3.47,0.00,FALSE,NA,NA,NA,NA
250,0.00,0.00,0.00,0.00,0.00,12.71,0.00,0.00,0.00,12.11,0.00,0.00,2.29,0.00,0.00,0.00,1.40,0.00,FALSE,NA,NA,NA,NA
251,0.00,12.43,0.00,0.00,0.00,0.00,0.00,11.14,0.00,0.00,0.00,0.00,2.70,0.00,0.00,0.00,4.59,0.00,FALSE,NA,NA,NA,NA
252,0.00,0.00,0.00,0.00,0.00,10.75,0.00,0.00,10.63,0.00,0.00,0.00,2.06,0.00,0.00,0.00,4.42,0.00,FALSE,NA,NA,NA,NA
253,0.00,0.00,0.00,0.00,12.30,0.00,0.00,0.00,0.00,0.00,0.00,8.28,2.52,0.00,0.00,0.00,1.04,0.00,TRUE,19,1,VERY-LOW,NEWTONIAN
254,0.00,0.00,0.00,6.75,0.00,0.00,0.00,0.00,0.00,0.00,0.00,13.30,2.92,0.00,0.00,0.00,1.42,0.00,TRUE,21,1,VERY-LOW,NEWTONIAN
255,0.00,0.00,0.00,0.00,0.00,0.00,0.00,0.00,0.00,8.77,0.00,10.54,1.44,0.00,0.00,0.00,1.22,0.00,FALSE,NA,NA,NA,NA
256,0.00,0.00,0.00,13.82,0.00,0.00,0.00,0.00,0.00,0.00,0.00,10.41,1.05,0.00,0.00,0.00,2.83,0.00,TRUE,25,1,MEDIUM,SHEAR-THIN
257,0.00,0.00,0.00,10.10,0.00,0.00,0.00,0.00,7.96,0.00,0.00,0.00,2.60,0.00,0.00,0.00,2.16,0.00,FALSE,NA,NA,NA,NA
258,0.00,9.39,0.00,0.00,0.00,0.00,0.00,0.00,0.00,0.00,0.00,12.88,2.07,0.00,0.00,0.00,1.18,0.00,FALSE,NA,NA,NA,NA
259,0.00,0.00,0.00,0.00,0.00,0.00,0.00,0.00,12.22,0.00,0.00,8.54,1.54,0.00,0.00,0.00,3.00,0.00,TRUE,19,2,LOW,SHEAR-THIN
260,0.00,0.00,0.00,7.27,8.06,0.00,0.00,0.00,0.00,0.00,0.00,0.00,2.91,0.00,0.00,0.00,5.08,0.00,FALSE,NA,NA,NA,NA
261,0.00,0.00,0.00,0.00,0.00,9.21,0.00,0.00,0.00,0.00,0.00,11.82,1.57,0.00,0.00,0.00,2.76,0.00,FALSE,NA,NA,NA,NA
262,0.00,0.00,0.00,0.00,0.00,0.00,0.00,6.78,0.00,0.00,0.00,9.18,1.98,0.00,0.00,0.00,1.97,0.00,FALSE,NA,NA,NA,NA
263,0.00,0.00,0.00,0.00,0.00,0.00,0.00,12.56,0.00,0.00,0.00,12.49,1.43,0.00,0.00,0.00,2.53,0.00,FALSE,NA,NA,NA,NA
264,0.00,0.00,0.00,0.00,10.85,0.00,0.00,0.00,0.00,0.00,0.00,12.86,2.64,0.00,0.00,0.00,3.30,0.00,TRUE,24,3,MEDIUM,SHEAR-THIN
265,0.00,0.00,0.00,8.70,0.00,0.00,0.00,0.00,0.00,0.00,0.00,8.63,2.58,0.00,0.00,0.00,4.40,0.00,FALSE,NA,NA,NA,NA
266,0.00,0.00,0.00,13.32,6.72,0.00,0.00,0.00,0.00,0.00,0.00,0.00,1.23,0.00,0.00,0.00,4.58,0.00,FALSE,NA,NA,NA,NA
267,0.00,0.00,0.00,0.00,0.00,0.00,0.00,0.00,8.55,0.00,0.00,11.25,0.99,0.00,0.00,0.00,2.43,0.00,TRUE,20,0,LOW ,NEWTONIAN
268,0.00,0.00,0.00,8.51,0.00,0.00,0.00,0.00,11.53,0.00,0.00,0.00,2.25,0.00,0.00,0.00,1.39,0.00,TRUE,31,1,LOW,NEWTONIAN
269,0.00,0.00,0.00,0.00,9.76,0.00,0.00,0.00,0.00,0.00,0.00,11.42,1.65,0.00,0.00,0.00,4.22,0.00,FALSE,NA,NA,NA,NA
270,0.00,0.00,0.00,0.00,10.84,0.00,0.00,0.00,12.58,0.00,0.00,0.00,1.85,0.00,0.00,0.00,3.75,0.00,FALSE,NA,NA,NA,NA
271,0.00,0.00,0.00,0.00,0.00,11.71,0.00,0.00,0.00,0.00,0.00,12.84,1.01,0.00,0.00,0.00,1.35,0.00,TRUE,28,2,HIGH,SHEAR-THIN
272,0.00,0.00,0.00,0.00,0.00,0.00,7.97,0.00,0.00,0.00,0.00,8.24,1.61,0.00,0.00,0.00,1.55,0.00,TRUE,28,1,MEDIUM,SHEAR-THIN
273,0.00,0.00,0.00,12.07,8.20,0.00,0.00,0.00,0.00,0.00,0.00,0.00,1.90,0.00,0.00,0.00,2.28,0.00,TRUE,25,1,LOW,NEWTONIAN
274,0.00,0.00,0.00,12.40,0.00,0.00,0.00,0.00,10.55,0.00,0.00,0.00,2.92,0.00,0.00,0.00,3.56,0.00,FALSE,NA,NA,NA,NA
275,0.00,0.00,0.00,9.86,12.38,0.00,0.00,0.00,0.00,0.00,0.00,0.00,2.43,0.00,0.00,0.00,1.77,0.00,TRUE,29,0,LOW,NEWTONIAN
276,0.00,0.00,0.00,0.00,0.00,0.00,10.33,0.00,0.00,0.00,0.00,9.28,2.26,0.00,0.00,0.00,2.29,0.00,FALSE,NA,NA,NA,NA
277,0.00,0.00,0.00,9.05,0.00,0.00,0.00,0.00,0.00,0.00,0.00,11.54,1.17,0.00,0.00,0.00,1.07,0.00,TRUE,21,0,VERY-LOW,NEWTONIAN
278,0.00,0.00,0.00,14.45,12.47,0.00,0.00,0.00,0.00,0.00,0.00,0.00,1.56,0.00,0.00,0.00,1.15,0.00,TRUE,73,2,VERY-LOW,NEWTONIAN
279,0.00,0.00,0.00,0.00,0.00,0.00,12.05,0.00,10.24,0.00,0.00,0.00,1.18,0.00,0.00,0.00,1.29,0.00,TRUE,29,2,VERY-LOW,NEWTONIAN
280,0.00,0.00,0.00,12.48,12.62,0.00,0.00,0.00,0.00,0.00,0.00,0.00,2.72,0.00,0.00,0.00,1.37,0.00,TRUE,21,1,VERY-LOW,NEWTONIAN
281,0.00,0.00,0.00,0.00,13.57,0.00,0.00,0.00,0.00,0.00,0.00,10.86,1.98,0.00,0.00,0.00,1.43,0.00,TRUE,31,1,VERY-LOW,NEWTONIAN
282,0.00,0.00,0.00,0.00,0.00,0.00,0.00,0.00,12.23,0.00,0.00,12.60,1.27,0.00,0.00,0.00,1.70,0.00,TRUE,17,0,VERY-LOW,NEWTONIAN
283,0.00,0.00,0.00,11.82,0.00,0.00,0.00,0.00,0.00,0.00,0.00,12.71,1.27,0.00,0.00,0.00,1.74,0.00,TRUE,20,1,LOW,NEWTONIAN
284,0.00,0.00,0.00,0.00,0.00,0.00,12.36,0.00,12.21,0.00,0.00,0.00,1.75,0.00,0.00,0.00,1.41,0.00,TRUE,19,0,VERY-LOW,NEWTONIAN
285,0.00,0.00,0.00,0.00,0.00,0.00,13.00,0.00,0.00,0.00,0.00,12.79,1.25,0.00,0.00,0.00,1.15,0.00,TRUE,18,1,VERY-LOW,NEWTONIAN
286,0.00,0.00,0.00,0.00,8.69,0.00,0.00,0.00,0.00,0.00,0.00,12.41,1.11,0.00,0.00,0.00,1.28,0.00,TRUE,25,1,VERY-LOW,NEWTONIAN
287,0.00,0.00,0.00,0.00,0.00,0.00,0.00,0.00,11.66,0.00,0.00,12.08,1.65,0.00,0.00,0.00,1.19,0.00,TRUE,19,2,VERY-LOW,NEWTONIAN
288,0.00,0.00,0.00,0.00,12.72,0.00,0.00,0.00,0.00,0.00,0.00,11.62,1.20,0.00,0.00,0.00,1.61,0.00,TRUE,20,1,VERY-LOW,NEWTONIAN
289,0.00,0.00,0.00,8.47,0.00,0.00,0.00,0.00,0.00,0.00,0.00,13.06,2.07,0.00,0.00,0.00,1.17,0.00,TRUE,23,0,VERY-LOW,NEWTONIAN
290,0.00,0.00,0.00,13.92,0.00,0.00,0.00,0.00,0.00,0.00,0.00,9.44,1.33,0.00,0.00,0.00,1.36,0.00,TRUE,36,1,LOW,NEWTONIAN
291,0.00,0.00,0.00,13.95,7.78,0.00,0.00,0.00,0.00,0.00,0.00,0.00,2.81,0.00,0.00,0.00,1.15,0.00,TRUE,24,0,VERY-LOW,NEWTONIAN
292,0.00,0.00,0.00,0.00,12.27,0.00,0.00,0.00,0.00,0.00,0.00,10.43,1.55,0.00,0.00,0.00,1.17,0.00,TRUE,23,0,VERY-LOW,NEWTONIAN
293,0.00,0.00,0.00,12.01,0.00,0.00,0.00,0.00,0.00,0.00,0.00,12.95,1.72,0.00,0.00,0.00,1.59,0.00,TRUE,22,2,LOW ,NEWTONIAN
294,0.00,0.00,0.00,0.00,0.00,0.00,12.72,0.00,13.01,0.00,0.00,0.00,1.10,0.00,0.00,0.00,2.09,0.00,TRUE,19,1,VERY-LOW,NEWTONIAN
295,0.00,0.00,0.00,0.00,0.00,0.00,0.00,0.00,12.39,0.00,0.00,9.58,0.85,0.00,0.00,0.00,1.26,0.00,TRUE,14,0,VERY-LOW,NEWTONIAN
296,0.00,0.00,0.00,0.00,8.39,0.00,0.00,0.00,0.00,0.00,0.00,12.93,1.97,0.00,0.00,0.00,1.18,0.00,TRUE,33,1,VERY-LOW,NEWTONIAN
297,0.00,0.00,0.00,12.16,13.08,0.00,0.00,0.00,0.00,0.00,0.00,0.00,2.12,0.00,0.00,0.00,1.41,0.00,TRUE,24,0,VERY-LOW,NEWTONIAN
298,0.00,0.00,0.00,10.17,12.71,0.00,0.00,0.00,0.00,0.00,0.00,0.00,2.53,0.00,0.00,0.00,1.14,0.00,TRUE,24,1,VERY-LOW,NEWTONIAN
299,0.00,0.00,0.00,14.12,0.00,0.00,0.00,0.00,0.00,0.00,0.00,11.25,2.54,0.00,0.00,0.00,1.20,0.00,TRUE,29,1,LOW,NEWTONIAN
300,0.00,0.00,0.00,12.04,0.00,0.00,0.00,0.00,0.00,0.00,0.00,11.58,1.21,0.00,0.00,0.00,1.66,0.00,TRUE,18,1,LOW,SHEAR-THIN
301,0.00,0.00,0.00,11.89,0.00,0.00,0.00,6.69,0.00,0.00,0.00,0.00,0.00,0.00,2.80,0.00,4.99,0.00,TRUE,2447,359,MEDIUM,SHEAR-THIN
302,0.00,0.00,10.46,0.00,0.00,0.00,12.66,0.00,0.00,0.00,0.00,0.00,0.00,0.00,1.52,0.00,2.99,0.00,TRUE,15,0,VERY-LOW,NEWTONIAN
303,0.00,0.00,0.00,8.56,0.00,0.00,0.00,0.00,0.00,0.00,0.00,11.09,0.00,0.00,1.84,0.00,3.12,0.00,FALSE,NA,NA,NA,NA
304,5.44,8.70,0.00,0.00,0.00,0.00,0.00,0.00,0.00,0.00,0.00,0.00,0.00,0.00,2.40,0.00,4.81,0.00,TRUE,730,3,VERY-LOW,NEWTONIAN
305,0.00,9.19,0.00,0.00,11.05,0.00,0.00,0.00,0.00,0.00,0.00,0.00,0.00,0.00,2.53,0.00,3.54,0.00,TRUE,16,0,VERY-LOW,NEWTONIAN
306,0.00,0.00,0.00,0.00,0.00,11.01,0.00,0.00,8.25,0.00,0.00,0.00,0.00,0.00,2.98,0.00,2.41,0.00,FALSE,NA,NA,NA,NA
307,0.00,0.00,0.00,0.00,0.00,8.90,0.00,0.00,0.00,10.75,0.00,0.00,0.00,0.00,1.82,0.00,1.72,0.00,TRUE,19,1,VERY-LOW,NEWTONIAN
308,8.11,0.00,0.00,0.00,0.00,0.00,0.00,0.00,0.00,0.00,0.00,12.56,0.00,0.00,2.16,0.00,2.34,0.00,FALSE,NA,NA,NA,NA
309,0.00,0.00,10.68,0.00,0.00,0.00,0.00,0.00,0.00,11.58,0.00,0.00,0.00,0.00,1.91,0.00,1.74,0.00,TRUE,14,0,VERY-LOW,NEWTONIAN
310,0.00,9.06,0.00,0.00,0.00,0.00,0.00,0.00,10.99,0.00,0.00,0.00,0.00,0.00,2.77,0.00,4.65,0.00,TRUE,58,6,MEDIUM,SHEAR-THIN
311,0.00,0.00,0.00,0.00,0.00,0.00,8.16,0.00,0.00,0.00,11.63,0.00,0.00,0.00,2.13,0.00,2.02,0.00,FALSE,NA,NA,NA,NA
312,0.00,0.00,0.00,0.00,0.00,0.00,0.00,0.00,0.00,0.00,12.80,11.64,0.00,0.00,1.46,0.00,3.18,0.00,FALSE,NA,NA,NA,NA
313,0.00,0.00,0.00,0.00,12.18,0.00,0.00,0.00,8.62,0.00,0.00,0.00,0.00,0.00,2.40,0.00,1.05,0.00,TRUE,23,0,VERY-LOW,NEWTONIAN
314,0.00,0.00,0.00,11.91,0.00,0.00,0.00,0.00,0.00,10.32,0.00,0.00,0.00,0.00,1.49,0.00,4.48,0.00,FALSE,NA,NA,NA,NA
315,0.00,11.49,0.00,0.00,0.00,0.00,0.00,0.00,0.00,0.00,8.70,0.00,0.00,0.00,1.05,0.00,3.36,0.00,TRUE,25,1,VERY-LOW,NEWTONIAN
316,0.00,9.39,0.00,0.00,0.00,9.08,0.00,0.00,0.00,0.00,0.00,0.00,0.00,0.00,3.03,0.00,3.03,0.00,TRUE,28,2,VERY-LOW,NEWTONIAN
317,5.15,0.00,0.00,0.00,0.00,0.00,0.00,12.09,0.00,0.00,0.00,0.00,0.00,0.00,2.43,0.00,1.31,0.00,TRUE,411,3,MEDIUM,SHEAR-THIN
318,0.00,0.00,0.00,0.00,0.00,0.00,0.00,8.15,0.00,0.00,0.00,11.34,0.00,0.00,3.40,0.00,4.36,0.00,TRUE,2083,236,MEDIUM,SHEAR-THIN
319,0.00,0.00,11.36,0.00,0.00,0.00,0.00,0.00,10.80,0.00,0.00,0.00,0.00,0.00,1.89,0.00,1.53,0.00,FALSE,NA,NA,NA,NA
320,0.00,0.00,13.13,0.00,0.00,0.00,0.00,0.00,0.00,0.00,0.00,11.72,0.00,0.00,2.24,0.00,2.13,0.00,FALSE,NA,NA,NA,NA
321,4.94,0.00,0.00,0.00,0.00,9.24,0.00,0.00,0.00,0.00,0.00,0.00,0.00,0.00,2.51,0.00,1.34,0.00,TRUE,502,18,MEDIUM,SHEAR-THIN
322,0.00,0.00,13.58,10.00,0.00,0.00,0.00,0.00,0.00,0.00,0.00,0.00,0.00,0.00,3.05,0.00,3.48,0.00,TRUE,15,0,VERY-LOW,NEWTONIAN
323,0.00,0.00,0.00,0.00,0.00,0.00,12.28,8.37,0.00,0.00,0.00,0.00,0.00,0.00,3.21,0.00,4.50,0.00,FALSE,NA,NA,NA,NA
324,0.00,0.00,0.00,0.00,8.79,0.00,0.00,13.95,0.00,0.00,0.00,0.00,0.00,0.00,2.39,0.00,1.96,0.00,FALSE,NA,NA,NA,NA
325,0.00,0.00,0.00,0.00,0.00,0.00,0.00,6.88,0.00,0.00,12.84,0.00,0.00,0.00,3.10,0.00,4.21,0.00,FALSE,NA,NA,NA,NA
326,0.00,0.00,0.00,0.00,0.00,0.00,0.00,12.72,0.00,12.68,0.00,0.00,0.00,0.00,2.29,0.00,4.95,0.00,FALSE,NA,NA,NA,NA
327,0.00,0.00,0.00,0.00,0.00,0.00,0.00,0.00,0.00,10.92,9.53,0.00,0.00,0.00,1.75,0.00,4.02,0.00,TRUE,260,8,VERY-LOW,NEWTONIAN
328,5.72,0.00,0.00,0.00,0.00,0.00,0.00,0.00,0.00,10.46,0.00,0.00,0.00,0.00,1.68,0.00,1.59,0.00,TRUE,17,1,VERY-LOW,NEWTONIAN
329,0.00,0.00,6.78,0.00,8.27,0.00,0.00,0.00,0.00,0.00,0.00,0.00,0.00,0.00,1.33,0.00,2.73,0.00,TRUE,14,0,VERY-LOW,NEWTONIAN
330,0.00,0.00,11.94,0.00,0.00,0.00,0.00,11.46,0.00,0.00,0.00,0.00,0.00,0.00,1.64,0.00,3.80,0.00,TRUE,17,1,VERY-LOW,NEWTONIAN
331,0.00,0.00,0.00,0.00,0.00,0.00,11.32,0.00,0.00,12.15,0.00,0.00,0.00,0.00,1.76,0.00,1.63,0.00,TRUE,14,1,VERY-LOW,NEWTONIAN
332,0.00,12.10,0.00,0.00,0.00,0.00,0.00,0.00,0.00,9.18,0.00,0.00,0.00,0.00,2.08,0.00,1.51,0.00,TRUE,19,1,VERY-LOW,NEWTONIAN
333,0.00,0.00,0.00,0.00,11.65,0.00,0.00,0.00,0.00,8.93,0.00,0.00,0.00,0.00,1.51,0.00,4.84,0.00,TRUE,38,2,LOW,NEWTONIAN
334,0.00,11.98,0.00,0.00,0.00,0.00,0.00,0.00,0.00,0.00,0.00,9.54,0.00,0.00,3.26,0.00,4.16,0.00,FALSE,NA,NA,NA,NA
335,4.68,0.00,0.00,0.00,13.21,0.00,0.00,0.00,0.00,0.00,0.00,0.00,0.00,0.00,1.38,0.00,2.92,0.00,TRUE,86,39,MEDIUM,SHEAR-THIN
336,6.98,0.00,0.00,0.00,0.00,0.00,0.00,0.00,0.00,0.00,9.63,0.00,0.00,0.00,1.04,0.00,3.79,0.00,TRUE,941,250,LOW,SHEAR-THIN
337,0.00,0.00,0.00,0.00,8.38,0.00,0.00,0.00,0.00,0.00,0.00,8.28,0.00,0.00,2.98,0.00,2.21,0.00,TRUE,19,0,MEDIUM,SHEAR-THIN
338,0.00,0.00,0.00,0.00,0.00,0.00,0.00,0.00,0.00,10.39,0.00,12.40,0.00,0.00,2.71,0.00,2.48,0.00,TRUE,2910,286,MEDIUM,SHEAR-THIN
339,0.00,0.00,0.00,0.00,0.00,7.86,0.00,6.96,0.00,0.00,0.00,0.00,0.00,0.00,2.16,0.00,2.14,0.00,TRUE,1081,99,MEDIUM,SHEAR-THIN
340,0.00,0.00,0.00,0.00,0.00,0.00,0.00,0.00,11.16,12.66,0.00,0.00,0.00,0.00,3.16,0.00,2.51,0.00,TRUE,14,0,VERY-LOW,NEWTONIAN
341,0.00,12.00,0.00,0.00,0.00,0.00,0.00,9.85,0.00,0.00,0.00,0.00,0.00,0.00,3.36,0.00,4.76,0.00,TRUE,33,2,LOW,NEWTONIAN
342,0.00,0.00,0.00,7.44,0.00,0.00,8.77,0.00,0.00,0.00,0.00,0.00,0.00,0.00,3.07,0.00,3.48,0.00,FALSE,NA,NA,NA,NA
343,0.00,10.30,12.03,0.00,0.00,0.00,0.00,0.00,0.00,0.00,0.00,0.00,0.00,0.00,2.47,0.00,4.76,0.00,TRUE,15,0,VERY-LOW,NEWTONIAN
344,0.00,0.00,9.12,0.00,0.00,0.00,0.00,0.00,0.00,0.00,10.40,0.00,0.00,0.00,1.56,0.00,4.19,0.00,FALSE,NA,NA,NA,NA
345,3.96,0.00,0.00,0.00,0.00,0.00,11.95,0.00,0.00,0.00,0.00,0.00,0.00,0.00,2.14,0.00,4.92,0.00,FALSE,NA,NA,NA,NA
346,0.00,0.00,0.00,0.00,0.00,9.19,0.00,0.00,0.00,0.00,0.00,11.50,0.00,0.00,3.22,0.00,5.17,0.00,FALSE,NA,NA,NA,NA
347,0.00,0.00,0.00,0.00,7.94,9.29,0.00,0.00,0.00,0.00,0.00,0.00,0.00,0.00,3.58,0.00,4.27,0.00,FALSE,NA,NA,NA,NA
348,0.00,0.00,0.00,10.41,10.66,0.00,0.00,0.00,0.00,0.00,0.00,0.00,0.00,0.00,3.02,0.00,3.46,0.00,FALSE,NA,NA,NA,NA
349,0.00,0.00,0.00,0.00,0.00,0.00,0.00,10.42,8.88,0.00,0.00,0.00,0.00,0.00,0.99,0.00,1.96,0.00,TRUE,47,2,MEDIUM,SHEAR-THIN
350,0.00,0.00,0.00,0.00,0.00,11.98,0.00,0.00,0.00,0.00,11.44,0.00,0.00,0.00,2.53,0.00,3.66,0.00,FALSE,NA,NA,NA,NA
351,0.00,0.00,0.00,0.00,0.00,0.00,0.00,0.00,10.56,0.00,9.98,0.00,0.00,0.00,1.77,0.00,1.37,0.00,TRUE,92,6,MEDIUM,SHEAR-THIN
352,0.00,0.00,9.68,0.00,0.00,10.32,0.00,0.00,0.00,0.00,0.00,0.00,0.00,0.00,1.66,0.00,3.09,0.00,TRUE,19,0,VERY-LOW,NEWTONIAN
353,0.00,0.00,0.00,0.00,0.00,9.16,9.06,0.00,0.00,0.00,0.00,0.00,0.00,0.00,3.73,0.00,2.32,0.00,FALSE,NA,NA,NA,NA
354,4.64,0.00,0.00,8.41,0.00,0.00,0.00,0.00,0.00,0.00,0.00,0.00,0.00,0.00,2.84,0.00,3.42,0.00,TRUE,2380,41,MEDIUM,SHEAR-THIN
355,0.00,0.00,0.00,6.88,0.00,0.00,0.00,0.00,8.46,0.00,0.00,0.00,0.00,0.00,1.50,0.00,3.98,0.00,TRUE,1232,46,MEDIUM,SHEAR-THIN
356,0.00,0.00,0.00,0.00,8.79,0.00,0.00,0.00,0.00,0.00,7.96,0.00,0.00,0.00,1.90,0.00,1.48,0.00,TRUE,195,3,VERY-LOW,NEWTONIAN
357,0.00,0.00,0.00,0.00,0.00,0.00,8.91,0.00,12.35,0.00,0.00,0.00,0.00,0.00,1.24,0.00,2.72,0.00,TRUE,34,3,LOW,SHEAR-THIN
358,0.00,8.83,0.00,0.00,0.00,0.00,12.89,0.00,0.00,0.00,0.00,0.00,0.00,0.00,1.28,0.00,2.85,0.00,TRUE,26,1,VERY-LOW,NEWTONIAN
359,4.36,0.00,7.88,0.00,0.00,0.00,0.00,0.00,0.00,0.00,0.00,0.00,0.00,0.00,1.35,0.00,3.97,0.00,FALSE,NA,NA,NA,NA
360,0.00,11.06,0.00,8.33,0.00,0.00,0.00,0.00,0.00,0.00,0.00,0.00,0.00,0.00,2.45,0.00,3.90,0.00,TRUE,31,1,VERY-LOW,NEWTONIAN
361,0.00,0.00,0.00,0.00,0.00,0.00,0.00,0.00,10.03,0.00,0.00,9.91,0.00,0.00,0.96,0.00,1.26,0.00,TRUE,23,2,VERY-LOW,NEWTONIAN
362,0.00,0.00,0.00,0.00,0.00,12.93,0.00,11.41,0.00,0.00,0.00,0.00,0.00,0.00,2.99,0.00,1.34,0.00,TRUE,160,18,MEDIUM,SHEAR-THIN
363,0.00,0.00,0.00,0.00,11.73,0.00,7.76,0.00,0.00,0.00,0.00,0.00,0.00,0.00,1.15,0.00,2.08,0.00,FALSE,NA,NA,NA,NA
364,0.00,0.00,0.00,7.87,0.00,0.00,0.00,0.00,12.26,0.00,0.00,0.00,0.00,0.00,2.91,0.00,1.15,0.00,TRUE,26,3,VERY-LOW,NEWTONIAN
365,4.59,0.00,0.00,0.00,0.00,0.00,0.00,0.00,0.00,0.00,0.00,8.80,0.00,0.00,1.08,0.00,4.67,0.00,FALSE,NA,NA,NA,NA
366,0.00,0.00,0.00,0.00,12.10,0.00,0.00,0.00,0.00,0.00,0.00,0.00,0.00,0.00,2.58,0.00,2.95,0.00,FALSE,NA,NA,NA,NA
367,0.00,0.00,0.00,0.00,0.00,0.00,0.00,0.00,8.22,0.00,10.91,0.00,0.00,0.00,0.99,0.00,4.96,0.00,FALSE,NA,NA,NA,NA
368,7.89,0.00,0.00,0.00,0.00,0.00,13.08,0.00,0.00,0.00,0.00,0.00,0.00,0.00,1.04,0.00,1.32,0.00,TRUE,20,1,VERY-LOW,NEWTONIAN
369,0.00,0.00,0.00,0.00,0.00,0.00,12.92,0.00,0.00,0.00,0.00,9.69,0.00,0.00,2.76,0.00,2.02,0.00,FALSE,NA,NA,NA,NA
370,0.00,0.00,0.00,0.00,0.00,0.00,0.00,0.00,13.13,0.00,0.00,8.31,0.00,0.00,2.05,0.00,3.00,0.00,FALSE,NA,NA,NA,NA
371,0.00,0.00,0.00,0.00,0.00,9.21,13.30,0.00,0.00,0.00,0.00,0.00,0.00,0.00,2.09,0.00,3.79,0.00,FALSE,NA,NA,NA,NA
372,0.00,0.00,6.06,0.00,0.00,9.37,0.00,0.00,0.00,0.00,0.00,0.00,0.00,0.00,1.32,0.00,1.18,0.00,TRUE,16,1,VERY-LOW,NEWTONIAN
373,0.00,0.00,0.00,8.35,0.00,8.84,0.00,0.00,0.00,0.00,0.00,0.00,0.00,0.00,2.70,0.00,2.72,0.00,FALSE,NA,NA,NA,NA
374,7.32,0.00,0.00,0.00,0.00,0.00,0.00,0.00,12.74,0.00,0.00,0.00,0.00,0.00,4.02,0.00,4.17,0.00,FALSE,NA,NA,NA,NA
375,0.00,0.00,0.00,0.00,0.00,0.00,0.00,7.74,11.77,0.00,0.00,0.00,0.00,0.00,1.96,0.00,2.56,0.00,TRUE,62,2,MEDIUM,SHEAR-THIN
376,7.49,0.00,0.00,0.00,0.00,0.00,0.00,14.39,0.00,0.00,0.00,0.00,0.00,0.00,2.03,0.00,4.89,0.00,FALSE,NA,NA,NA,NA
377,0.00,0.00,0.00,10.20,0.00,0.00,0.00,0.00,0.00,0.00,8.25,0.00,0.00,0.00,2.34,0.00,2.42,0.00,TRUE,1504,253,MEDIUM,SHEAR-THIN
378,0.00,0.00,0.00,0.00,0.00,0.00,7.69,0.00,10.02,0.00,0.00,0.00,0.00,0.00,2.58,0.00,4.65,0.00,FALSE,NA,NA,NA,NA
379,0.00,0.00,7.40,0.00,0.00,0.00,0.00,7.49,0.00,0.00,0.00,0.00,0.00,0.00,3.09,0.00,2.30,0.00,TRUE,17,2,VERY-LOW,NEWTONIAN
380,0.00,0.00,0.00,0.00,12.64,0.00,0.00,0.00,10.33,0.00,0.00,0.00,0.00,0.00,1.78,0.00,4.20,0.00,TRUE,250,19,LOW,NEWTONIAN
381,0.00,0.00,9.36,0.00,0.00,0.00,0.00,0.00,0.00,0.00,0.00,7.89,0.00,0.00,3.28,0.00,5.08,0.00,FALSE,NA,NA,NA,NA
382,7.51,0.00,0.00,0.00,9.98,0.00,0.00,0.00,0.00,0.00,0.00,0.00,0.00,0.00,3.33,0.00,5.01,0.00,TRUE,2368,492,MEDIUM,SHEAR-THIN
383,0.00,0.00,0.00,0.00,0.00,0.00,8.80,13.42,0.00,0.00,0.00,0.00,0.00,0.00,2.20,0.00,5.00,0.00,FALSE,NA,NA,NA,NA
384,0.00,0.00,0.00,6.64,0.00,0.00,0.00,0.00,0.00,0.00,10.63,0.00,0.00,0.00,3.41,0.00,3.18,0.00,FALSE,NA,NA,NA,NA
385,0.00,11.62,0.00,7.35,0.00,0.00,0.00,0.00,0.00,0.00,0.00,0.00,0.00,2.90,0.00,0.00,0.00,2.97,FALSE,NA,NA,NA,NA
386,0.00,0.00,0.00,0.00,0.00,0.00,8.57,0.00,11.87,0.00,0.00,0.00,0.00,3.13,0.00,0.00,0.00,4.56,FALSE,NA,NA,NA,NA
387,0.00,0.00,0.00,0.00,0.00,0.00,8.39,0.00,0.00,8.01,0.00,0.00,0.00,3.08,0.00,0.00,0.00,3.01,FALSE,NA,NA,NA,NA
388,0.00,9.46,0.00,0.00,0.00,0.00,0.00,0.00,0.00,9.75,0.00,0.00,0.00,3.05,0.00,0.00,0.00,3.38,FALSE,NA,NA,NA,NA
389,0.00,0.00,0.00,8.69,0.00,7.84,0.00,0.00,0.00,0.00,0.00,0.00,0.00,2.96,0.00,0.00,0.00,2.01,FALSE,NA,NA,NA,NA
390,0.00,12.33,0.00,0.00,0.00,0.00,8.18,0.00,0.00,0.00,0.00,0.00,0.00,3.72,0.00,0.00,0.00,3.77,TRUE,40,0,LOW,SHEAR-THIN
391,0.00,0.00,0.00,0.00,0.00,0.00,0.00,0.00,0.00,12.85,9.76,0.00,0.00,1.27,0.00,0.00,0.00,1.77,FALSE,NA,NA,NA,NA
392,0.00,0.00,10.17,0.00,0.00,0.00,0.00,0.00,0.00,0.00,10.54,0.00,0.00,1.67,0.00,0.00,0.00,3.34,FALSE,NA,NA,NA,NA
393,0.00,9.01,0.00,0.00,0.00,0.00,0.00,9.98,0.00,0.00,0.00,0.00,0.00,2.61,0.00,0.00,0.00,4.19,FALSE,NA,NA,NA,NA
394,0.00,0.00,0.00,0.00,7.83,0.00,0.00,0.00,0.00,0.00,9.36,0.00,0.00,1.95,0.00,0.00,0.00,5.21,FALSE,NA,NA,NA,NA
395,7.90,0.00,0.00,0.00,0.00,0.00,0.00,0.00,0.00,12.39,0.00,0.00,0.00,2.59,0.00,0.00,0.00,2.70,FALSE,NA,NA,NA,NA
396,0.00,9.85,0.00,0.00,0.00,0.00,0.00,0.00,0.00,0.00,0.00,12.04,0.00,1.78,0.00,0.00,0.00,1.72,FALSE,NA,NA,NA,NA
397,0.00,0.00,0.00,0.00,12.23,0.00,0.00,0.00,0.00,8.67,0.00,0.00,0.00,2.27,0.00,0.00,0.00,3.08,FALSE,NA,NA,NA,NA
398,0.00,0.00,0.00,0.00,0.00,10.08,0.00,0.00,10.44,0.00,0.00,0.00,0.00,1.79,0.00,0.00,0.00,2.80,FALSE,NA,NA,NA,NA
399,7.84,0.00,0.00,0.00,0.00,0.00,0.00,0.00,11.92,0.00,0.00,0.00,0.00,2.84,0.00,0.00,0.00,1.74,FALSE,NA,NA,NA,NA
400,0.00,0.00,0.00,0.00,0.00,0.00,0.00,6.71,0.00,0.00,12.79,0.00,0.00,1.69,0.00,0.00,0.00,3.73,FALSE,NA,NA,NA,NA
401,0.00,0.00,0.00,10.56,0.00,0.00,0.00,0.00,0.00,0.00,0.00,12.90,0.00,2.92,0.00,0.00,0.00,4.44,FALSE,NA,NA,NA,NA
402,6.28,11.14,0.00,0.00,0.00,0.00,0.00,0.00,0.00,0.00,0.00,0.00,0.00,1.69,0.00,0.00,0.00,4.38,FALSE,NA,NA,NA,NA
403,0.00,0.00,0.00,0.00,0.00,0.00,0.00,0.00,0.00,0.00,12.47,10.37,0.00,2.46,0.00,0.00,0.00,4.08,FALSE,NA,NA,NA,NA
404,0.00,8.36,0.00,0.00,7.85,0.00,0.00,0.00,0.00,0.00,0.00,0.00,0.00,1.86,0.00,0.00,0.00,2.26,FALSE,NA,NA,NA,NA
405,6.92,0.00,0.00,0.00,0.00,9.35,0.00,0.00,0.00,0.00,0.00,0.00,0.00,3.48,0.00,0.00,0.00,2.97,FALSE,NA,NA,NA,NA
406,0.00,0.00,0.00,0.00,0.00,0.00,9.91,0.00,0.00,0.00,0.00,10.86,0.00,2.96,0.00,0.00,0.00,4.82,FALSE,NA,NA,NA,NA
407,0.00,0.00,0.00,0.00,0.00,0.00,0.00,0.00,9.91,11.48,0.00,0.00,0.00,3.37,0.00,0.00,0.00,4.94,FALSE,NA,NA,NA,NA
408,0.00,0.00,9.37,0.00,0.00,0.00,0.00,11.17,0.00,0.00,0.00,0.00,0.00,4.86,0.00,0.00,0.00,2.68,FALSE,NA,NA,NA,NA
409,5.48,0.00,0.00,7.44,0.00,0.00,0.00,0.00,0.00,0.00,0.00,0.00,0.00,1.74,0.00,0.00,0.00,1.41,FALSE,NA,NA,NA,NA
410,0.00,0.00,0.00,0.00,0.00,0.00,0.00,10.92,0.00,12.26,0.00,0.00,0.00,1.32,0.00,0.00,0.00,4.58,FALSE,NA,NA,NA,NA
411,0.00,0.00,0.00,13.02,0.00,0.00,0.00,0.00,12.25,0.00,0.00,0.00,0.00,2.51,0.00,0.00,0.00,1.94,FALSE,NA,NA,NA,NA
412,0.00,0.00,0.00,0.00,0.00,0.00,7.76,11.43,0.00,0.00,0.00,0.00,0.00,1.79,0.00,0.00,0.00,1.97,FALSE,NA,NA,NA,NA
413,0.00,0.00,8.02,0.00,0.00,0.00,0.00,0.00,0.00,9.53,0.00,0.00,0.00,2.65,0.00,0.00,0.00,1.92,FALSE,NA,NA,NA,NA
414,0.00,0.00,0.00,0.00,12.49,0.00,0.00,0.00,0.00,0.00,0.00,7.84,0.00,3.03,0.00,0.00,0.00,4.93,FALSE,NA,NA,NA,NA
415,0.00,0.00,0.00,0.00,8.20,8.17,0.00,0.00,0.00,0.00,0.00,0.00,0.00,1.66,0.00,0.00,0.00,4.12,FALSE,NA,NA,NA,NA
416,6.99,0.00,0.00,0.00,0.00,0.00,0.00,0.00,0.00,0.00,13.71,0.00,0.00,1.51,0.00,0.00,0.00,3.06,FALSE,NA,NA,NA,NA
417,0.00,0.00,9.94,0.00,0.00,0.00,0.00,0.00,0.00,0.00,0.00,11.32,0.00,2.90,0.00,0.00,0.00,2.55,FALSE,NA,NA,NA,NA
418,0.00,0.00,8.38,0.00,0.00,0.00,0.00,0.00,11.76,0.00,0.00,0.00,0.00,1.44,0.00,0.00,0.00,4.09,TRUE,541,6,MEDIUM,NEWTONIAN
419,0.00,0.00,0.00,0.00,0.00,0.00,0.00,0.00,12.69,0.00,0.00,11.76,0.00,3.42,0.00,0.00,0.00,1.60,TRUE,24,0,VERY-LOW,NEWTONIAN
420,0.00,11.39,0.00,0.00,0.00,0.00,0.00,0.00,0.00,0.00,9.27,0.00,0.00,2.03,0.00,0.00,0.00,4.14,FALSE,NA,NA,NA,NA
421,0.00,0.00,12.39,0.00,0.00,0.00,12.63,0.00,0.00,0.00,0.00,0.00,0.00,2.50,0.00,0.00,0.00,3.11,TRUE,69,3,LOW,NEWTONIAN
422,4.10,0.00,9.35,0.00,0.00,0.00,0.00,0.00,0.00,0.00,0.00,0.00,0.00,1.36,0.00,0.00,0.00,3.35,FALSE,NA,NA,NA,NA
423,0.00,0.00,0.00,0.00,0.00,10.99,0.00,0.00,0.00,0.00,0.00,9.56,0.00,2.96,0.00,0.00,0.00,4.80,FALSE,NA,NA,NA,NA
424,0.00,0.00,0.00,7.56,0.00,0.00,0.00,0.00,0.00,0.00,0.00,8.35,0.00,2.41,0.00,0.00,0.00,2.33,FALSE,NA,NA,NA,NA
425,5.85,0.00,0.00,0.00,0.00,0.00,0.00,7.47,0.00,0.00,0.00,0.00,0.00,3.66,0.00,0.00,0.00,4.03,FALSE,NA,NA,NA,NA
426,0.00,0.00,0.00,0.00,0.00,0.00,0.00,0.00,12.68,0.00,11.23,0.00,0.00,2.26,0.00,0.00,0.00,3.92,FALSE,NA,NA,NA,NA
427,0.00,0.00,6.51,0.00,0.00,0.00,0.00,0.00,0.00,0.00,0.00,12.82,0.00,1.62,0.00,0.00,0.00,4.46,FALSE,NA,NA,NA,NA
428,0.00,0.00,0.00,11.30,10.39,0.00,0.00,0.00,0.00,0.00,0.00,0.00,0.00,1.45,0.00,0.00,0.00,2.13,FALSE,NA,NA,NA,NA
429,0.00,0.00,0.00,0.00,8.29,0.00,0.00,0.00,0.00,0.00,0.00,12.83,0.00,3.05,0.00,0.00,0.00,3.34,FALSE,NA,NA,NA,NA
430,0.00,0.00,0.00,13.03,0.00,0.00,0.00,7.40,0.00,0.00,0.00,0.00,0.00,2.89,0.00,0.00,0.00,2.77,FALSE,NA,NA,NA,NA
431,0.00,0.00,0.00,8.94,0.00,0.00,0.00,0.00,0.00,10.31,0.00,0.00,0.00,3.82,0.00,0.00,0.00,1.47,FALSE,NA,NA,NA,NA
432,0.00,0.00,0.00,0.00,0.00,9.67,7.77,0.00,0.00,0.00,0.00,0.00,0.00,2.12,0.00,0.00,0.00,3.48,FALSE,NA,NA,NA,NA
433,0.00,0.00,0.00,0.00,0.00,9.96,0.00,11.40,0.00,0.00,0.00,0.00,0.00,2.00,0.00,0.00,0.00,3.90,FALSE,NA,NA,NA,NA
434,0.00,0.00,0.00,6.64,0.00,0.00,0.00,0.00,0.00,0.00,10.15,0.00,0.00,1.50,0.00,0.00,0.00,3.68,FALSE,NA,NA,NA,NA
435,5.15,0.00,0.00,0.00,0.00,0.00,0.00,0.00,0.00,0.00,0.00,8.86,0.00,2.38,0.00,0.00,0.00,5.52,FALSE,NA,NA,NA,NA
436,0.00,0.00,0.00,0.00,0.00,0.00,0.00,0.00,8.33,0.00,8.83,0.00,0.00,2.56,0.00,0.00,0.00,2.04,FALSE,NA,NA,NA,NA
437,10.57,0.00,0.00,0.00,0.00,0.00,0.00,0.00,0.00,0.00,0.00,13.07,0.00,1.99,0.00,0.00,0.00,2.46,FALSE,NA,NA,NA,NA
438,7.97,0.00,0.00,0.00,0.00,0.00,0.00,0.00,11.27,0.00,0.00,0.00,0.00,2.33,0.00,0.00,0.00,4.43,FALSE,NA,NA,NA,NA
439,0.00,0.00,0.00,0.00,0.00,0.00,0.00,0.00,0.00,12.70,0.00,8.82,0.00,2.65,0.00,0.00,0.00,4.18,FALSE,NA,NA,NA,NA
440,0.00,0.00,0.00,0.00,0.00,11.06,0.00,0.00,0.00,12.12,0.00,0.00,0.00,2.33,0.00,0.00,0.00,3.95,FALSE,NA,NA,NA,NA
441,0.00,0.00,0.00,0.00,0.00,0.00,0.00,0.00,12.39,8.28,0.00,0.00,0.00,2.64,0.00,0.00,0.00,2.61,FALSE,NA,NA,NA,NA
442,0.00,0.00,0.00,0.00,0.00,10.07,0.00,0.00,0.00,0.00,8.11,0.00,0.00,3.47,0.00,0.00,0.00,2.85,FALSE,NA,NA,NA,NA
443,0.00,10.39,0.00,0.00,0.00,10.47,0.00,0.00,0.00,0.00,0.00,0.00,0.00,3.05,0.00,0.00,0.00,2.00,TRUE,144,1,VERY-LOW,NEWTONIAN
444,0.00,0.00,10.60,0.00,0.00,0.00,0.00,7.03,0.00,0.00,0.00,0.00,0.00,2.61,0.00,0.00,0.00,2.19,FALSE,NA,NA,NA,NA
445,0.00,0.00,0.00,0.00,0.00,0.00,0.00,6.61,10.77,0.00,0.00,0.00,0.00,2.38,0.00,0.00,0.00,4.97,FALSE,NA,NA,NA,NA
446,0.00,11.35,0.00,0.00,0.00,0.00,0.00,0.00,0.00,0.00,0.00,9.67,0.00,1.94,0.00,0.00,0.00,3.80,FALSE,NA,NA,NA,NA
447,0.00,8.88,0.00,0.00,0.00,0.00,0.00,0.00,0.00,11.94,0.00,0.00,0.00,1.85,0.00,0.00,0.00,2.42,FALSE,NA,NA,NA,NA
448,0.00,0.00,9.47,11.50,0.00,0.00,0.00,0.00,0.00,0.00,0.00,0.00,0.00,2.52,0.00,0.00,0.00,3.70,FALSE,NA,NA,NA,NA
449,0.00,0.00,0.00,0.00,0.00,11.97,11.47,0.00,0.00,0.00,0.00,0.00,0.00,3.00,0.00,0.00,0.00,4.73,FALSE,NA,NA,NA,NA
450,0.00,0.00,0.00,0.00,0.00,0.00,0.00,0.00,0.00,0.00,8.07,11.55,0.00,2.98,0.00,0.00,0.00,3.00,FALSE,NA,NA,NA,NA
451,0.00,0.00,0.00,0.00,0.00,8.79,0.00,0.00,0.00,8.36,0.00,0.00,0.00,0.62,0.00,0.00,0.00,1.50,FALSE,NA,NA,NA,NA
452,0.00,0.00,11.06,0.00,0.00,13.30,0.00,0.00,0.00,0.00,0.00,0.00,0.00,1.66,0.00,0.00,0.00,1.92,TRUE,28,1,VERY-LOW,NEWTONIAN
453,0.00,12.73,0.00,0.00,0.00,13.56,0.00,0.00,0.00,0.00,0.00,0.00,0.00,1.16,0.00,0.00,0.00,4.94,FALSE,NA,NA,NA,NA
454,4.97,0.00,0.00,0.00,0.00,0.00,0.00,0.00,0.00,0.00,8.47,0.00,0.00,1.13,0.00,0.00,0.00,5.64,FALSE,NA,NA,NA,NA
455,0.00,0.00,0.00,0.00,0.00,0.00,0.00,6.76,0.00,0.00,0.00,11.03,0.00,0.88,0.00,0.00,0.00,3.85,FALSE,NA,NA,NA,NA
456,0.00,0.00,0.00,0.00,0.00,0.00,11.82,0.00,0.00,0.00,9.33,0.00,0.00,1.94,0.00,0.00,0.00,1.90,FALSE,NA,NA,NA,NA
457,0.00,0.00,0.00,8.87,0.00,8.47,0.00,0.00,0.00,0.00,0.00,0.00,0.00,1.26,0.00,0.00,0.00,2.75,FALSE,NA,NA,NA,NA
458,0.00,0.00,0.00,0.00,11.62,0.00,11.86,0.00,0.00,0.00,0.00,0.00,0.00,1.10,0.00,0.00,0.00,3.80,FALSE,NA,NA,NA,NA
459,0.00,7.47,0.00,0.00,0.00,0.00,0.00,0.00,0.00,0.00,10.48,0.00,0.00,1.59,0.00,0.00,0.00,2.04,FALSE,NA,NA,NA,NA
460,0.00,0.00,0.00,10.86,0.00,0.00,0.00,9.96,0.00,0.00,0.00,0.00,0.00,1.80,0.00,0.00,0.00,1.73,FALSE,NA,NA,NA,NA
461,0.00,0.00,0.00,0.00,9.37,0.00,0.00,0.00,0.00,12.53,0.00,0.00,0.00,1.66,0.00,0.00,0.00,2.03,FALSE,NA,NA,NA,NA
462,7.17,0.00,0.00,0.00,0.00,8.90,0.00,0.00,0.00,0.00,0.00,0.00,0.00,1.33,0.00,0.00,0.00,4.54,FALSE,NA,NA,NA,NA
463,0.00,0.00,0.00,0.00,0.00,8.52,0.00,0.00,8.94,0.00,0.00,0.00,0.00,1.90,0.00,0.00,0.00,4.35,FALSE,NA,NA,NA,NA
464,0.00,0.00,0.00,0.00,0.00,0.00,0.00,0.00,12.38,0.00,0.00,9.94,0.00,0.79,0.00,0.00,0.00,5.15,FALSE,NA,NA,NA,NA
465,0.00,0.00,0.00,0.00,0.00,0.00,9.48,0.00,12.71,0.00,0.00,0.00,0.00,1.59,0.00,0.00,0.00,2.91,FALSE,NA,NA,NA,NA
466,0.00,0.00,0.00,0.00,12.05,0.00,0.00,0.00,8.58,0.00,0.00,0.00,0.00,2.33,0.00,0.00,0.00,1.96,FALSE,NA,NA,NA,NA
467,4.18,0.00,0.00,0.00,0.00,0.00,10.24,0.00,0.00,0.00,0.00,0.00,0.00,1.26,0.00,0.00,0.00,4.09,FALSE,NA,NA,NA,NA
468,0.00,0.00,11.45,0.00,0.00,0.00,0.00,0.00,0.00,11.43,0.00,0.00,0.00,1.92,0.00,0.00,0.00,2.89,FALSE,NA,NA,NA,NA
469,0.00,0.00,11.73,0.00,0.00,0.00,0.00,0.00,0.00,12.80,0.00,0.00,0.00,2.65,0.00,0.00,2.04,0.00,FALSE,NA,NA,NA,NA
470,0.00,0.00,0.00,0.00,0.00,0.00,0.00,10.03,8.08,0.00,0.00,0.00,0.00,2.12,0.00,0.00,5.08,0.00,FALSE,NA,NA,NA,NA
471,0.00,7.57,0.00,0.00,0.00,0.00,0.00,0.00,0.00,0.00,9.70,0.00,0.00,2.02,0.00,0.00,3.31,0.00,FALSE,NA,NA,NA,NA
472,0.00,0.00,9.46,0.00,0.00,0.00,7.99,0.00,0.00,0.00,0.00,0.00,0.00,2.42,0.00,0.00,3.64,0.00,FALSE,NA,NA,NA,NA
473,0.00,9.05,0.00,0.00,0.00,0.00,11.56,0.00,0.00,0.00,0.00,0.00,0.00,2.14,0.00,0.00,3.80,0.00,FALSE,NA,NA,NA,NA
474,0.00,0.00,0.00,0.00,0.00,0.00,11.41,0.00,0.00,9.02,0.00,0.00,0.00,1.81,0.00,0.00,3.70,0.00,FALSE,NA,NA,NA,NA
475,0.00,0.00,7.43,0.00,0.00,11.73,0.00,0.00,0.00,0.00,0.00,0.00,0.00,1.59,0.00,0.00,2.95,0.00,FALSE,NA,NA,NA,NA
476,0.00,0.00,0.00,11.93,0.00,0.00,8.12,0.00,0.00,0.00,0.00,0.00,0.00,1.35,0.00,0.00,3.39,0.00,FALSE,NA,NA,NA,NA
477,0.00,0.00,0.00,9.75,0.00,0.00,0.00,0.00,0.00,0.00,0.00,10.91,0.00,1.76,0.00,0.00,4.47,0.00,TRUE,1077,538,MEDIUM,SHEAR-THIN
478,0.00,0.00,0.00,0.00,7.21,0.00,0.00,0.00,0.00,11.67,0.00,0.00,0.00,1.62,0.00,0.00,4.44,0.00,FALSE,NA,NA,NA,NA
479,0.00,0.00,0.00,0.00,13.99,0.00,0.00,9.61,0.00,0.00,0.00,0.00,0.00,2.19,0.00,0.00,3.54,0.00,FALSE,NA,NA,NA,NA
480,0.00,0.00,13.00,13.32,0.00,0.00,0.00,0.00,0.00,0.00,0.00,0.00,0.00,2.45,0.00,0.00,2.31,0.00,FALSE,NA,NA,NA,NA
481,0.00,0.00,11.20,0.00,0.00,0.00,0.00,6.73,0.00,0.00,0.00,0.00,0.00,2.38,0.00,0.00,3.07,0.00,FALSE,NA,NA,NA,NA
482,0.00,0.00,0.00,0.00,0.00,0.00,0.00,0.00,0.00,9.64,10.49,0.00,0.00,2.03,0.00,0.00,3.39,0.00,FALSE,NA,NA,NA,NA
483,0.00,0.00,0.00,0.00,8.47,0.00,0.00,0.00,0.00,0.00,0.00,9.08,0.00,3.69,0.00,0.00,3.84,0.00,FALSE,NA,NA,NA,NA
484,0.00,0.00,0.00,6.70,0.00,0.00,0.00,0.00,0.00,0.00,10.11,0.00,0.00,2.37,0.00,0.00,2.65,0.00,FALSE,NA,NA,NA,NA
485,0.00,0.00,0.00,0.00,0.00,0.00,0.00,0.00,0.00,12.03,0.00,12.04,0.00,2.41,0.00,0.00,1.89,0.00,FALSE,NA,NA,NA,NA
486,0.00,9.60,0.00,0.00,0.00,10.87,0.00,0.00,0.00,0.00,0.00,0.00,0.00,1.91,0.00,0.00,4.52,0.00,FALSE,NA,NA,NA,NA
487,0.00,12.26,0.00,0.00,0.00,0.00,0.00,0.00,0.00,0.00,0.00,11.74,0.00,3.60,0.00,0.00,1.64,0.00,FALSE,NA,NA,NA,NA
488,0.00,0.00,0.00,9.28,0.00,0.00,0.00,7.31,0.00,0.00,0.00,0.00,0.00,2.11,0.00,0.00,4.96,0.00,FALSE,NA,NA,NA,NA
489,0.00,0.00,0.00,0.00,0.00,0.00,0.00,0.00,8.32,0.00,0.00,10.77,0.00,3.07,0.00,0.00,2.16,0.00,TRUE,39,1,LOW,NEWTONIAN
490,0.00,0.00,0.00,0.00,0.00,0.00,0.00,12.75,0.00,11.91,0.00,0.00,0.00,3.73,0.00,0.00,4.47,0.00,FALSE,NA,NA,NA,NA
491,4.06,11.23,0.00,0.00,0.00,0.00,0.00,0.00,0.00,0.00,0.00,0.00,0.00,2.73,0.00,0.00,4.34,0.00,FALSE,NA,NA,NA,NA
492,0.00,11.42,0.00,0.00,8.20,0.00,0.00,0.00,0.00,0.00,0.00,0.00,0.00,3.59,0.00,0.00,4.96,0.00,FALSE,NA,NA,NA,NA
493,4.62,0.00,0.00,0.00,0.00,0.00,0.00,0.00,0.00,0.00,0.00,13.36,0.00,2.27,0.00,0.00,4.76,0.00,FALSE,NA,NA,NA,NA
494,0.00,0.00,0.00,0.00,0.00,0.00,0.00,0.00,0.00,0.00,11.16,9.57,0.00,3.16,0.00,0.00,3.26,0.00,FALSE,NA,NA,NA,NA
495,0.00,11.56,0.00,0.00,0.00,0.00,0.00,0.00,10.04,0.00,0.00,0.00,0.00,2.90,0.00,0.00,3.97,0.00,TRUE,364,79,LOW,NEWTONIAN
496,0.00,0.00,0.00,0.00,0.00,12.95,0.00,7.02,0.00,0.00,0.00,0.00,0.00,2.60,0.00,0.00,1.21,0.00,TRUE,57,2,MEDIUM,SHEAR-THIN
497,0.00,0.00,0.00,11.62,0.00,0.00,0.00,0.00,0.00,11.92,0.00,0.00,0.00,2.22,0.00,0.00,4.38,0.00,FALSE,NA,NA,NA,NA
498,0.00,0.00,0.00,0.00,0.00,0.00,12.17,0.00,12.56,0.00,0.00,0.00,0.00,1.76,0.00,0.00,4.23,0.00,TRUE,18,1,MEDIUM,SHEAR-THIN
499,0.00,0.00,0.00,0.00,0.00,8.47,0.00,0.00,0.00,9.12,0.00,0.00,0.00,2.78,0.00,0.00,1.14,0.00,FALSE,NA,NA,NA,NA
500,4.70,0.00,0.00,0.00,0.00,0.00,0.00,6.76,0.00,0.00,0.00,0.00,0.00,2.71,0.00,0.00,1.77,0.00,FALSE,NA,NA,NA,NA
501,0.00,0.00,7.85,0.00,0.00,0.00,0.00,0.00,10.09,0.00,0.00,0.00,0.00,2.80,0.00,0.00,2.31,0.00,FALSE,NA,NA,NA,NA
502,0.00,0.00,12.24,0.00,0.00,0.00,0.00,0.00,0.00,0.00,0.00,12.55,0.00,3.71,0.00,0.00,1.31,0.00,FALSE,NA,NA,NA,NA
503,6.24,0.00,0.00,0.00,0.00,8.85,0.00,0.00,0.00,0.00,0.00,0.00,0.00,3.23,0.00,0.00,1.44,0.00,FALSE,NA,NA,NA,NA
504,0.00,0.00,0.00,0.00,0.00,0.00,10.87,0.00,0.00,0.00,11.97,0.00,0.00,2.85,0.00,0.00,3.54,0.00,FALSE,NA,NA,NA,NA
505,0.00,0.00,0.00,0.00,0.00,12.22,0.00,0.00,0.00,0.00,0.00,8.54,0.00,1.81,0.00,0.00,1.86,0.00,FALSE,NA,NA,NA,NA
506,0.00,0.00,0.00,0.00,7.73,0.00,12.38,0.00,0.00,0.00,0.00,0.00,0.00,1.82,0.00,0.00,2.97,0.00,FALSE,NA,NA,NA,NA
507,0.00,0.00,0.00,0.00,0.00,0.00,0.00,0.00,8.97,10.65,0.00,0.00,0.00,2.69,0.00,0.00,5.06,0.00,FALSE,NA,NA,NA,NA
508,5.07,0.00,0.00,0.00,0.00,0.00,0.00,0.00,0.00,9.44,0.00,0.00,0.00,3.34,0.00,0.00,2.87,0.00,FALSE,NA,NA,NA,NA
509,0.00,0.00,0.00,0.00,9.68,0.00,0.00,0.00,9.39,0.00,0.00,0.00,0.00,2.88,0.00,0.00,2.43,0.00,TRUE,33,2,LOW,SHEAR-THIN
510,8.11,0.00,0.00,0.00,0.00,0.00,10.50,0.00,0.00,0.00,0.00,0.00,0.00,2.20,0.00,0.00,5.00,0.00,FALSE,NA,NA,NA,NA
511,5.06,0.00,0.00,0.00,0.00,0.00,0.00,0.00,0.00,0.00,8.78,0.00,0.00,2.42,0.00,0.00,2.81,0.00,FALSE,NA,NA,NA,NA
512,0.00,0.00,0.00,0.00,8.01,12.84,0.00,0.00,0.00,0.00,0.00,0.00,0.00,2.18,0.00,0.00,1.52,0.00,FALSE,NA,NA,NA,NA
513,0.00,9.87,0.00,0.00,0.00,0.00,0.00,0.00,0.00,12.32,0.00,0.00,0.00,2.12,0.00,0.00,1.57,0.00,FALSE,NA,NA,NA,NA
514,0.00,0.00,7.11,0.00,8.84,0.00,0.00,0.00,0.00,0.00,0.00,0.00,0.00,1.78,0.00,0.00,1.84,0.00,FALSE,NA,NA,NA,NA
515,0.00,0.00,0.00,0.00,0.00,0.00,11.87,0.00,0.00,0.00,0.00,9.65,0.00,2.05,0.00,0.00,3.98,0.00,FALSE,NA,NA,NA,NA
516,0.00,0.00,0.00,10.95,13.65,0.00,0.00,0.00,0.00,0.00,0.00,0.00,0.00,2.06,0.00,0.00,4.65,0.00,FALSE,NA,NA,NA,NA
517,5.61,0.00,0.00,0.00,9.00,0.00,0.00,0.00,0.00,0.00,0.00,0.00,0.00,2.80,0.00,0.00,2.79,0.00,FALSE,NA,NA,NA,NA
518,0.00,0.00,0.00,0.00,0.00,0.00,0.00,9.90,0.00,0.00,0.00,10.89,0.00,3.26,0.00,0.00,3.98,0.00,FALSE,NA,NA,NA,NA
519,0.00,0.00,0.00,0.00,0.00,7.81,11.32,0.00,0.00,0.00,0.00,0.00,0.00,2.82,0.00,0.00,2.26,0.00,TRUE,40,6,HIGH,SHEAR-THIN
520,0.00,0.00,0.00,0.00,0.00,9.49,0.00,0.00,9.19,0.00,0.00,0.00,0.00,3.58,0.00,0.00,2.86,0.00,FALSE,NA,NA,NA,NA
521,0.00,0.00,0.00,0.00,0.00,0.00,0.00,0.00,11.42,0.00,10.24,0.00,0.00,1.77,0.00,0.00,2.51,0.00,FALSE,NA,NA,NA,NA
522,0.00,0.00,0.00,0.00,0.00,0.00,0.00,8.06,0.00,0.00,11.28,0.00,0.00,1.29,0.00,0.00,1.38,0.00,FALSE,NA,NA,NA,NA
523,7.63,0.00,0.00,0.00,0.00,0.00,0.00,0.00,0.00,12.49,0.00,0.00,0.00,0.00,0.00,2.33,1.62,0.00,TRUE,26,1,VERY-LOW,NEWTONIAN
524,0.00,0.00,0.00,0.00,10.55,0.00,12.59,0.00,0.00,0.00,0.00,0.00,0.00,0.00,0.00,2.48,2.62,0.00,TRUE,44,9,MEDIUM,SHEAR-THIN
525,0.00,0.00,12.24,0.00,12.89,0.00,0.00,0.00,0.00,0.00,0.00,0.00,0.00,0.00,0.00,2.17,1.19,0.00,TRUE,66,12,VERY-LOW,NEWTONIAN
526,0.00,0.00,0.00,0.00,0.00,8.16,0.00,0.00,12.48,0.00,0.00,0.00,0.00,0.00,0.00,2.14,2.17,0.00,FALSE,NA,NA,NA,NA
527,0.00,0.00,9.52,0.00,0.00,0.00,0.00,7.08,0.00,0.00,0.00,0.00,0.00,0.00,0.00,2.34,2.98,0.00,TRUE,80,22,VERY-LOW,NEWTONIAN
528,0.00,8.26,12.84,0.00,0.00,0.00,0.00,0.00,0.00,0.00,0.00,0.00,0.00,0.00,0.00,2.01,2.42,0.00,TRUE,17,1,VERY-LOW,NEWTONIAN
529,4.71,0.00,0.00,0.00,0.00,0.00,0.00,0.00,0.00,0.00,9.95,0.00,0.00,0.00,0.00,2.28,3.61,0.00,FALSE,NA,NA,NA,NA
530,0.00,0.00,0.00,0.00,0.00,11.07,12.64,0.00,0.00,0.00,0.00,0.00,0.00,0.00,0.00,1.68,4.88,0.00,FALSE,NA,NA,NA,NA
531,0.00,0.00,0.00,0.00,0.00,0.00,10.64,0.00,0.00,0.00,9.14,0.00,0.00,0.00,0.00,1.41,2.36,0.00,FALSE,NA,NA,NA,NA
532,0.00,0.00,0.00,0.00,10.52,0.00,0.00,0.00,0.00,11.99,0.00,0.00,0.00,0.00,0.00,1.53,3.93,0.00,TRUE,39,1,VERY-LOW,NEWTONIAN
533,0.00,0.00,0.00,0.00,0.00,0.00,0.00,0.00,0.00,9.03,8.86,0.00,0.00,0.00,0.00,2.67,1.51,0.00,TRUE,34,4,VERY-LOW,NEWTONIAN
534,0.00,0.00,0.00,0.00,0.00,0.00,10.09,0.00,0.00,10.60,0.00,0.00,0.00,0.00,0.00,2.75,1.41,0.00,TRUE,17,0,VERY-LOW,NEWTONIAN
535,0.00,0.00,7.43,0.00,0.00,0.00,0.00,0.00,13.40,0.00,0.00,0.00,0.00,0.00,0.00,2.05,3.39,0.00,FALSE,NA,NA,NA,NA
536,0.00,0.00,0.00,12.15,0.00,0.00,0.00,7.85,0.00,0.00,0.00,0.00,0.00,0.00,0.00,2.47,1.85,0.00,FALSE,NA,NA,NA,NA
537,0.00,9.61,0.00,0.00,0.00,0.00,12.37,0.00,0.00,0.00,0.00,0.00,0.00,0.00,0.00,2.20,5.11,0.00,FALSE,NA,NA,NA,NA
538,0.00,0.00,0.00,0.00,0.00,0.00,0.00,14.27,0.00,0.00,7.86,0.00,0.00,0.00,0.00,1.31,4.79,0.00,TRUE,3047,183,VERY-LOW,NEWTONIAN
539,0.00,0.00,8.19,0.00,0.00,0.00,8.60,0.00,0.00,0.00,0.00,0.00,0.00,0.00,0.00,1.47,3.40,0.00,FALSE,NA,NA,NA,NA
540,0.00,0.00,8.20,0.00,0.00,0.00,0.00,0.00,0.00,7.95,0.00,0.00,0.00,0.00,0.00,1.61,1.32,0.00,TRUE,18,0,VERY-LOW,NEWTONIAN
541,0.00,7.59,0.00,0.00,0.00,9.45,0.00,0.00,0.00,0.00,0.00,0.00,0.00,0.00,0.00,0.80,3.84,0.00,FALSE,NA,NA,NA,NA
542,0.00,0.00,0.00,9.07,0.00,0.00,0.00,0.00,0.00,0.00,0.00,9.57,0.00,0.00,0.00,2.34,2.21,0.00,TRUE,38,1,MEDIUM,SHEAR-THIN
543,0.00,0.00,0.00,0.00,0.00,0.00,9.15,0.00,0.00,0.00,0.00,9.38,0.00,0.00,0.00,2.24,4.14,0.00,FALSE,NA,NA,NA,NA
544,0.00,11.64,0.00,0.00,0.00,0.00,0.00,0.00,0.00,12.73,0.00,0.00,0.00,0.00,0.00,1.55,4.92,0.00,TRUE,14,0,VERY-LOW,NEWTONIAN
545,0.00,0.00,0.00,0.00,0.00,0.00,0.00,7.77,0.00,0.00,0.00,9.73,0.00,0.00,0.00,1.43,2.83,0.00,FALSE,NA,NA,NA,NA
546,0.00,8.45,0.00,12.13,0.00,0.00,0.00,0.00,0.00,0.00,0.00,0.00,0.00,0.00,0.00,1.61,4.07,0.00,FALSE,NA,NA,NA,NA
547,0.00,0.00,0.00,0.00,0.00,8.64,0.00,8.54,0.00,0.00,0.00,0.00,0.00,0.00,0.00,2.16,3.15,0.00,FALSE,NA,NA,NA,NA
548,5.45,10.52,0.00,0.00,0.00,0.00,0.00,0.00,0.00,0.00,0.00,0.00,0.00,0.00,0.00,1.94,4.01,0.00,TRUE,21,1,VERY-LOW,NEWTONIAN
549,11.03,0.00,0.00,0.00,0.00,0.00,0.00,0.00,0.00,0.00,0.00,10.12,0.00,0.00,0.00,1.72,4.39,0.00,TRUE,3275,116,LOW,SHEAR-THIN
550,0.00,0.00,0.00,0.00,0.00,0.00,0.00,0.00,12.62,0.00,9.68,0.00,0.00,0.00,0.00,2.19,2.00,0.00,FALSE,NA,NA,NA,NA
551,0.00,0.00,0.00,0.00,8.17,0.00,0.00,0.00,0.00,0.00,12.30,0.00,0.00,0.00,0.00,2.48,1.89,0.00,TRUE,60,1,LOW,SHEAR-THIN
552,0.00,0.00,0.00,0.00,0.00,0.00,0.00,0.00,12.64,0.00,0.00,11.15,0.00,0.00,0.00,3.11,3.08,0.00,TRUE,30,2,LOW,SHEAR-THIN
553,0.00,11.62,0.00,0.00,0.00,0.00,0.00,10.56,0.00,0.00,0.00,0.00,0.00,0.00,0.00,1.58,4.35,0.00,FALSE,NA,NA,NA,NA
554,7.72,0.00,0.00,0.00,0.00,0.00,0.00,0.00,9.37,0.00,0.00,0.00,0.00,0.00,0.00,2.68,3.86,0.00,FALSE,NA,NA,NA,NA
555,6.85,0.00,0.00,0.00,0.00,0.00,10.33,0.00,0.00,0.00,0.00,0.00,0.00,0.00,0.00,2.26,4.70,0.00,TRUE,2289,131,MEDIUM,SHEAR-THIN
556,0.00,0.00,0.00,0.00,6.95,0.00,0.00,0.00,10.88,0.00,0.00,0.00,0.00,0.00,0.00,1.55,2.97,0.00,FALSE,NA,NA,NA,NA
557,0.00,0.00,0.00,0.00,0.00,11.37,0.00,0.00,0.00,8.30,0.00,0.00,0.00,0.00,0.00,1.70,4.68,0.00,TRUE,1332,184,MEDIUM,SHEAR-THIN
558,0.00,0.00,0.00,0.00,0.00,0.00,0.00,12.79,0.00,11.54,0.00,0.00,0.00,0.00,0.00,2.34,2.54,0.00,TRUE,23,0,VERY-LOW,NEWTONIAN
559,0.00,0.00,0.00,0.00,8.11,0.00,0.00,10.65,0.00,0.00,0.00,0.00,0.00,0.00,0.00,0.66,1.16,0.00,TRUE,33,2,LOW,SHEAR-THIN
560,0.00,0.00,0.00,0.00,13.96,8.35,0.00,0.00,0.00,0.00,0.00,0.00,0.00,0.00,0.00,2.27,5.09,0.00,FALSE,NA,NA,NA,NA
561,0.00,12.77,0.00,0.00,0.00,0.00,0.00,0.00,0.00,0.00,0.00,8.04,0.00,0.00,0.00,1.24,3.77,0.00,TRUE,1301,14,MEDIUM,SHEAR-THIN
562,0.00,0.00,6.77,0.00,0.00,0.00,0.00,0.00,0.00,13.44,0.00,0.00,0.00,0.00,0.00,2.73,3.99,0.00,TRUE,20,0,VERY-LOW,NEWTONIAN
563,0.00,0.00,11.97,9.93,0.00,0.00,0.00,0.00,0.00,0.00,0.00,0.00,0.00,0.00,0.00,1.60,1.94,0.00,TRUE,15,0,VERY-LOW,NEWTONIAN
564,0.00,12.05,0.00,0.00,0.00,8.63,0.00,0.00,0.00,0.00,0.00,0.00,0.00,0.00,0.00,2.65,1.13,0.00,TRUE,18,1,VERY-LOW,NEWTONIAN
565,0.00,0.00,0.00,0.00,11.30,0.00,0.00,0.00,0.00,0.00,0.00,11.83,0.00,0.00,0.00,1.87,4.67,0.00,FALSE,NA,NA,NA,NA
566,5.97,0.00,0.00,0.00,0.00,9.91,0.00,0.00,0.00,0.00,0.00,0.00,0.00,0.00,0.00,1.81,5.27,0.00,TRUE,1216,198,LOW,SHEAR-THIN
567,0.00,0.00,0.00,0.00,0.00,0.00,12.68,0.00,0.00,0.00,0.00,12.34,0.00,0.00,0.00,1.75,1.68,0.00,TRUE,34,2,LOW,SHEAR-THIN
568,0.00,0.00,0.00,0.00,0.00,0.00,8.17,0.00,0.00,0.00,7.84,0.00,0.00,0.00,0.00,2.64,4.59,0.00,TRUE,4265,355,LOW,SHEAR-THIN
569,0.00,0.00,0.00,8.02,0.00,0.00,0.00,0.00,0.00,0.00,9.37,0.00,0.00,0.00,0.00,1.57,4.76,0.00,FALSE,NA,NA,NA,NA
570,0.00,0.00,0.00,12.76,0.00,10.50,0.00,0.00,0.00,0.00,0.00,0.00,0.00,0.00,0.00,1.36,3.47,0.00,FALSE,NA,NA,NA,NA
571,9.83,0.00,0.00,0.00,0.00,0.00,0.00,6.76,0.00,0.00,0.00,0.00,0.00,0.00,0.00,1.38,2.85,0.00,TRUE,826,91,MEDIUM,SHEAR-THIN
572,0.00,0.00,0.00,0.00,0.00,8.95,0.00,0.00,0.00,0.00,0.00,11.30,0.00,0.00,0.00,2.25,2.23,0.00,FALSE,NA,NA,NA,NA
573,9.40,0.00,0.00,0.00,0.00,12.93,0.00,0.00,0.00,0.00,0.00,0.00,0.00,0.00,0.00,2.98,1.42,0.00,FALSE,NA,NA,NA,NA
574,0.00,0.00,0.00,8.67,0.00,0.00,9.77,0.00,0.00,0.00,0.00,0.00,0.00,0.00,0.00,2.81,5.05,0.00,FALSE,NA,NA,NA,NA
575,0.00,0.00,0.00,10.80,0.00,0.00,0.00,0.00,0.00,7.91,0.00,0.00,0.00,0.00,0.00,2.85,3.04,0.00,TRUE,44,0,LOW,NEWTONIAN
576,0.00,0.00,0.00,0.00,7.80,0.00,0.00,0.00,0.00,0.00,0.00,8.36,0.00,0.00,0.00,1.78,2.13,0.00,TRUE,22,2,LOW,SHEAR-THIN
577,0.00,0.00,0.00,0.00,0.00,8.21,0.00,0.00,0.00,12.54,0.00,0.00,0.00,0.00,0.00,0.77,3.27,0.00,TRUE,25,1,VERY-LOW,NEWTONIAN
578,0.00,0.00,0.00,0.00,0.00,0.00,0.00,6.23,0.00,10.42,0.00,0.00,0.00,0.00,0.00,1.65,1.36,0.00,TRUE,27,1,VERY-LOW,NEWTONIAN
579,0.00,0.00,0.00,0.00,0.00,0.00,0.00,0.00,0.00,0.00,11.39,11.22,0.00,0.00,0.00,2.56,3.60,0.00,TRUE,4940,306,MEDIUM,SHEAR-THIN
580,0.00,0.00,0.00,0.00,0.00,12.68,0.00,0.00,0.00,0.00,9.22,0.00,0.00,0.00,0.00,1.33,1.44,0.00,TRUE,1642,132,MEDIUM,SHEAR-THIN
581,0.00,0.00,0.00,11.72,0.00,0.00,12.93,0.00,0.00,0.00,0.00,0.00,0.00,0.00,0.00,1.13,4.43,0.00,FALSE,NA,NA,NA,NA
582,6.53,0.00,0.00,8.37,0.00,0.00,0.00,0.00,0.00,0.00,0.00,0.00,0.00,0.00,0.00,2.25,4.19,0.00,FALSE,NA,NA,NA,NA
583,0.00,0.00,0.00,8.89,0.00,9.33,0.00,0.00,0.00,0.00,0.00,0.00,0.00,1.54,0.00,0.00,1.09,0.00,FALSE,NA,NA,NA,NA
584,0.00,0.00,0.00,0.00,0.00,0.00,0.00,0.00,12.82,0.00,0.00,9.28,0.00,1.25,0.00,0.00,4.97,0.00,FALSE,NA,NA,NA,NA
585,8.12,0.00,0.00,0.00,0.00,0.00,0.00,0.00,8.44,0.00,0.00,0.00,0.00,2.56,0.00,0.00,2.79,0.00,FALSE,NA,NA,NA,NA
586,0.00,0.00,0.00,0.00,0.00,0.00,0.00,0.00,0.00,0.00,8.24,13.11,0.00,1.96,0.00,0.00,4.97,0.00,FALSE,NA,NA,NA,NA
587,15.12,0.00,0.00,0.00,0.00,0.00,0.00,0.00,0.00,0.00,0.00,10.75,0.00,1.44,0.00,0.00,2.87,0.00,FALSE,NA,NA,NA,NA
588,0.00,0.00,0.00,0.00,12.00,0.00,0.00,0.00,0.00,0.00,0.00,10.80,0.00,1.85,0.00,0.00,1.69,0.00,TRUE,39,4,LOW,NEWTONIAN
589,8.07,0.00,0.00,0.00,0.00,0.00,0.00,0.00,0.00,12.97,0.00,0.00,0.00,1.96,0.00,0.00,3.26,0.00,FALSE,NA,NA,NA,NA
590,0.00,0.00,0.00,0.00,0.00,11.94,0.00,0.00,0.00,0.00,8.41,0.00,0.00,3.85,0.00,0.00,4.88,0.00,FALSE,NA,NA,NA,NA
591,0.00,0.00,7.10,7.14,0.00,0.00,0.00,0.00,0.00,0.00,0.00,0.00,0.00,2.50,0.00,0.00,4.43,0.00,FALSE,NA,NA,NA,NA
592,0.00,0.00,8.97,0.00,11.24,0.00,0.00,0.00,0.00,0.00,0.00,0.00,0.00,3.26,0.00,0.00,1.18,0.00,FALSE,NA,NA,NA,NA
593,8.40,12.41,0.00,0.00,0.00,0.00,0.00,0.00,0.00,0.00,0.00,0.00,0.00,2.07,0.00,0.00,2.32,0.00,FALSE,NA,NA,NA,NA
594,9.72,0.00,0.00,8.05,0.00,0.00,0.00,0.00,0.00,0.00,0.00,0.00,0.00,2.08,0.00,0.00,1.44,0.00,FALSE,NA,NA,NA,NA
595,8.99,0.00,0.00,0.00,10.96,0.00,0.00,0.00,0.00,0.00,0.00,0.00,0.00,1.43,0.00,0.00,4.15,0.00,FALSE,NA,NA,NA,NA
596,0.00,0.00,11.69,0.00,0.00,0.00,0.00,0.00,13.12,0.00,0.00,0.00,0.00,2.24,0.00,0.00,1.22,0.00,FALSE,NA,NA,NA,NA
597,8.00,0.00,8.15,0.00,0.00,0.00,0.00,0.00,0.00,0.00,0.00,0.00,0.00,3.33,0.00,0.00,1.81,0.00,FALSE,NA,NA,NA,NA
598,0.00,9.88,0.00,7.49,0.00,0.00,0.00,0.00,0.00,0.00,0.00,0.00,0.00,3.86,0.00,0.00,4.50,0.00,FALSE,NA,NA,NA,NA
599,0.00,10.72,8.57,0.00,0.00,0.00,0.00,0.00,0.00,0.00,0.00,0.00,0.00,3.36,0.00,0.00,2.27,0.00,FALSE,NA,NA,NA,NA
600,0.00,0.00,0.00,0.00,0.00,9.36,0.00,11.02,0.00,0.00,0.00,0.00,0.00,3.73,0.00,0.00,5.09,0.00,FALSE,NA,NA,NA,NA
601,0.00,0.00,0.00,0.00,0.00,8.36,0.00,0.00,0.00,0.00,9.30,0.00,0.00,1.82,0.00,0.00,1.75,0.00,FALSE,NA,NA,NA,NA
602,0.00,0.00,10.12,0.00,0.00,0.00,0.00,0.00,0.00,0.00,0.00,10.21,0.00,1.46,0.00,0.00,4.86,0.00,TRUE,1523,98,MEDIUM,SHEAR-THIN
603,0.00,0.00,0.00,0.00,12.51,0.00,0.00,0.00,0.00,8.32,0.00,0.00,0.00,3.14,0.00,0.00,3.31,0.00,FALSE,NA,NA,NA,NA
604,0.00,0.00,0.00,7.08,13.50,0.00,0.00,0.00,0.00,0.00,0.00,0.00,0.00,4.00,0.00,0.00,2.87,0.00,TRUE,38,1,LOW,NEWTONIAN
605,0.00,0.00,0.00,9.11,0.00,13.16,0.00,0.00,0.00,0.00,0.00,0.00,0.00,3.73,0.00,0.00,4.47,0.00,FALSE,NA,NA,NA,NA
606,0.00,0.00,0.00,0.00,0.00,0.00,0.00,10.87,0.00,8.75,0.00,0.00,0.00,2.19,0.00,0.00,1.34,0.00,FALSE,NA,NA,NA,NA
607,0.00,0.00,0.00,0.00,12.42,0.00,0.00,0.00,0.00,0.00,12.39,0.00,0.00,1.74,0.00,0.00,3.88,0.00,FALSE,NA,NA,NA,NA
608,0.00,11.45,0.00,0.00,0.00,0.00,0.00,10.09,0.00,0.00,0.00,0.00,0.00,2.51,0.00,0.00,1.31,0.00,FALSE,NA,NA,NA,NA
609,0.00,0.00,0.00,0.00,10.00,0.00,0.00,8.12,0.00,0.00,0.00,0.00,0.00,2.53,0.00,0.00,4.64,0.00,FALSE,NA,NA,NA,NA
610,0.00,0.00,6.34,0.00,0.00,0.00,0.00,13.35,0.00,0.00,0.00,0.00,0.00,2.02,0.00,0.00,3.68,0.00,FALSE,NA,NA,NA,NA
611,0.00,0.00,0.00,8.25,0.00,0.00,0.00,0.00,0.00,10.23,0.00,0.00,0.00,3.37,0.00,0.00,1.62,0.00,FALSE,NA,NA,NA,NA
612,6.16,8.75,0.00,0.00,0.00,0.00,0.00,0.00,0.00,0.00,0.00,0.00,0.00,2.74,0.00,0.00,3.03,0.00,FALSE,NA,NA,NA,NA
613,0.00,0.00,0.00,0.00,0.00,12.30,0.00,0.00,0.00,7.85,0.00,0.00,0.00,1.30,0.00,0.00,1.98,0.00,FALSE,NA,NA,NA,NA
614,0.00,0.00,0.00,0.00,11.41,0.00,0.00,10.06,0.00,0.00,0.00,0.00,0.00,2.77,0.00,0.00,5.08,0.00,FALSE,NA,NA,NA,NA
615,0.00,0.00,0.00,0.00,0.00,0.00,0.00,0.00,0.00,8.27,0.00,7.97,0.00,4.16,0.00,0.00,3.37,0.00,FALSE,NA,NA,NA,NA
616,0.00,0.00,9.40,0.00,0.00,0.00,11.54,0.00,0.00,0.00,0.00,0.00,0.00,2.37,0.00,0.00,2.25,0.00,FALSE,NA,NA,NA,NA
617,0.00,12.08,0.00,0.00,0.00,0.00,0.00,0.00,0.00,10.03,0.00,0.00,0.00,2.67,0.00,0.00,3.12,0.00,FALSE,NA,NA,NA,NA
618,0.00,0.00,0.00,0.00,0.00,0.00,9.94,0.00,10.57,0.00,0.00,0.00,0.00,2.39,0.00,0.00,1.91,0.00,TRUE,18,0,LOW,NEWTONIAN
619,0.00,0.00,0.00,0.00,0.00,0.00,0.00,0.00,0.00,0.00,12.82,13.14,0.00,0.00,0.00,0.87,1.07,0.00,TRUE,5309,82,,
620,0.00,7.37,0.00,0.00,0.00,0.00,0.00,0.00,0.00,0.00,0.00,11.85,0.00,0.00,0.00,2.37,4.38,0.00,FALSE,NA,NA,NA,NA
621,0.00,0.00,0.00,0.00,0.00,0.00,0.00,0.00,0.00,8.13,0.00,11.61,0.00,0.00,0.00,3.39,1.91,0.00,FALSE,NA,NA,NA,NA
622,0.00,8.59,0.00,0.00,0.00,0.00,0.00,0.00,0.00,0.00,0.00,12.62,0.00,0.00,0.00,2.54,4.47,0.00,FALSE,NA,NA,NA,NA
623,0.00,0.00,0.00,0.00,0.00,0.00,0.00,0.00,0.00,0.00,10.07,9.92,0.00,0.00,0.00,3.07,2.25,0.00,TRUE,5164,110,,
624,0.00,0.00,0.00,0.00,0.00,0.00,0.00,0.00,0.00,0.00,12.35,12.18,0.00,0.00,0.00,1.70,1.45,0.00,TRUE,5182,255,,
625,0.00,0.00,0.00,0.00,0.00,0.00,8.39,0.00,8.01,0.00,0.00,0.00,0.00,0.00,0.00,0.83,2.61,0.00,TRUE,22,1,MEDIUM,SHEAR-THIN
626,0.00,12.10,0.00,0.00,11.75,0.00,0.00,0.00,0.00,0.00,0.00,0.00,0.00,0.00,0.00,1.04,2.90,0.00,TRUE,17,0,VERY-LOW,NEWTONIAN
627,0.00,0.00,0.00,8.53,0.00,0.00,0.00,10.09,0.00,0.00,0.00,0.00,0.00,0.00,0.00,2.74,4.89,0.00,FALSE,NA,NA,NA,NA
628,0.00,0.00,10.54,0.00,0.00,0.00,0.00,0.00,0.00,0.00,8.68,0.00,0.00,0.00,0.00,2.17,3.52,0.00,FALSE,NA,NA,NA,NA
629,0.00,0.00,0.00,0.00,0.00,12.24,0.00,9.44,0.00,0.00,0.00,0.00,0.00,0.00,0.00,2.58,5.16,0.00,FALSE,NA,NA,NA,NA
630,0.00,10.14,0.00,10.02,0.00,0.00,0.00,0.00,0.00,0.00,0.00,0.00,0.00,0.00,0.00,2.28,1.20,0.00,TRUE,27,1,VERY-LOW,NEWTONIAN
631,4.73,0.00,0.00,0.00,0.00,0.00,0.00,0.00,0.00,0.00,13.60,0.00,0.00,0.00,0.00,1.01,1.89,0.00,FALSE,NA,NA,NA,NA
632,0.00,8.42,0.00,0.00,0.00,0.00,0.00,0.00,0.00,0.00,12.15,0.00,0.00,0.00,0.00,2.60,3.42,0.00,TRUE,19,0,VERY-LOW,NEWTONIAN
633,0.00,0.00,0.00,0.00,0.00,0.00,0.00,6.55,10.58,0.00,0.00,0.00,0.00,0.00,0.00,2.94,2.86,0.00,FALSE,NA,NA,NA,NA
634,7.99,0.00,11.07,0.00,0.00,0.00,0.00,0.00,0.00,0.00,0.00,0.00,0.00,0.00,0.00,2.97,3.06,0.00,TRUE,19,1,VERY-LOW,NEWTONIAN
635,0.00,0.00,0.00,0.00,0.00,8.91,8.04,0.00,0.00,0.00,0.00,0.00,0.00,0.00,0.00,2.99,1.72,0.00,TRUE,35,2,MEDIUM,SHEAR-THIN
636,13.56,0.00,0.00,0.00,0.00,0.00,0.00,13.21,0.00,0.00,0.00,0.00,0.00,0.00,0.00,2.81,3.74,0.00,TRUE,2531,53,MEDIUM,SHEAR-THIN
637,0.00,0.00,0.00,0.00,10.69,0.00,0.00,0.00,0.00,0.00,9.54,0.00,0.00,0.00,0.00,0.72,3.21,0.00,TRUE,486,2,MEDIUM,SHEAR-THIN
638,0.00,0.00,12.14,0.00,0.00,0.00,0.00,0.00,0.00,0.00,12.56,0.00,0.00,0.00,0.00,2.17,1.20,0.00,FALSE,NA,NA,NA,NA
639,0.00,0.00,0.00,0.00,0.00,0.00,13.21,11.24,0.00,0.00,0.00,0.00,0.00,0.00,0.00,1.66,2.39,0.00,TRUE,37,37,HIGH,SHEAR-THIN
640,0.00,0.00,0.00,0.00,0.00,0.00,0.00,12.08,10.83,0.00,0.00,0.00,0.00,0.00,0.00,1.03,1.66,0.00,TRUE,24,1,LOW,NEWTONIAN
641,0.00,0.00,0.00,0.00,0.00,0.00,0.00,0.00,8.68,0.00,13.32,0.00,0.00,0.00,0.00,2.22,4.77,0.00,FALSE,NA,NA,NA,NA
642,0.00,0.00,9.33,0.00,0.00,0.00,0.00,0.00,8.99,0.00,0.00,0.00,0.00,0.00,0.00,1.31,4.69,0.00,FALSE,NA,NA,NA,NA
643,0.00,0.00,8.19,0.00,0.00,0.00,0.00,0.00,0.00,0.00,0.00,8.52,0.00,0.00,0.00,0.95,1.06,0.00,TRUE,17,1,VERY-LOW,NEWTONIAN
644,0.00,0.00,14.94,0.00,0.00,0.00,0.00,0.00,0.00,0.00,0.00,8.93,0.00,0.00,0.00,2.83,4.25,0.00,FALSE,NA,NA,NA,NA
645,8.99,0.00,0.00,0.00,0.00,0.00,0.00,0.00,0.00,11.46,0.00,0.00,0.00,0.00,0.00,1.45,5.24,0.00,TRUE,29,0,VERY-LOW,NEWTONIAN
646,0.00,11.89,0.00,0.00,0.00,0.00,0.00,0.00,8.90,0.00,0.00,0.00,0.00,0.00,0.00,2.13,2.95,0.00,TRUE,18,1,VERY-LOW,NEWTONIAN
647,0.00,0.00,0.00,0.00,0.00,0.00,0.00,6.87,0.00,0.00,11.93,0.00,0.00,0.00,0.00,1.66,1.46,0.00,FALSE,NA,NA,NA,NA
648,0.00,0.00,0.00,0.00,0.00,0.00,10.93,0.00,11.57,0.00,0.00,0.00,0.00,0.00,0.00,2.88,1.19,0.00,TRUE,27,2,VERY-LOW,NEWTONIAN
649,0.00,7.95,0.00,0.00,0.00,0.00,0.00,0.00,0.00,10.17,0.00,0.00,0.00,0.00,0.00,0.89,1.85,0.00,TRUE,18,1,VERY-LOW,NEWTONIAN
650,0.00,0.00,0.00,7.58,0.00,0.00,0.00,0.00,13.11,0.00,0.00,0.00,0.00,0.00,0.00,1.03,3.99,0.00,FALSE,NA,NA,NA,NA
651,0.00,0.00,11.64,0.00,0.00,0.00,12.42,0.00,0.00,0.00,0.00,0.00,0.00,0.00,0.00,2.62,4.96,0.00,FALSE,NA,NA,NA,NA
652,0.00,0.00,0.00,0.00,11.52,0.00,0.00,10.16,0.00,0.00,0.00,0.00,0.00,0.00,0.00,2.71,2.54,0.00,FALSE,NA,NA,NA,NA
653,0.00,13.68,8.79,0.00,0.00,0.00,0.00,0.00,0.00,0.00,0.00,0.00,0.00,0.00,0.00,1.35,4.95,0.00,TRUE,15,0,VERY-LOW,NEWTONIAN
654,0.00,0.00,9.36,0.00,10.08,0.00,0.00,0.00,0.00,0.00,0.00,0.00,0.00,0.00,0.00,1.94,2.77,0.00,TRUE,15,0,VERY-LOW,NEWTONIAN
655,0.00,0.00,0.00,0.00,0.00,0.00,0.00,7.51,0.00,0.00,0.00,8.25,0.00,0.00,0.00,2.08,5.10,0.00,FALSE,NA,NA,NA,NA
656,0.00,0.00,11.17,0.00,0.00,13.18,0.00,0.00,0.00,0.00,0.00,0.00,0.00,0.00,0.00,2.06,3.36,0.00,TRUE,19,0,VERY-LOW,NEWTONIAN
657,0.00,0.00,0.00,0.00,9.04,11.78,0.00,0.00,0.00,0.00,0.00,0.00,0.00,0.00,0.00,2.01,2.07,0.00,FALSE,NA,NA,NA,NA
658,0.00,0.00,0.00,0.00,0.00,0.00,0.00,0.00,0.00,0.00,8.46,8.10,0.00,0.00,0.00,1.60,4.37,0.00,FALSE,NA,NA,NA,NA
659,7.27,0.00,0.00,0.00,9.64,0.00,0.00,0.00,0.00,0.00,0.00,0.00,0.00,0.00,0.00,1.90,1.24,0.00,TRUE,35,2,VERY-LOW,NEWTONIAN
660,0.00,0.00,0.00,0.00,0.00,0.00,0.00,0.00,0.00,10.12,0.00,8.33,0.00,0.00,0.00,2.15,1.71,0.00,FALSE,NA,NA,NA,NA
661,0.00,0.00,0.00,11.12,0.00,0.00,0.00,0.00,0.00,0.00,11.03,0.00,0.00,0.00,0.00,1.91,4.20,0.00,TRUE,4308,373,MEDIUM,SHEAR-THIN
662,0.00,0.00,0.00,0.00,0.00,0.00,10.90,0.00,0.00,12.59,0.00,0.00,0.00,0.00,0.00,1.50,2.27,0.00,TRUE,16,0,VERY-LOW,NEWTONIAN
663,0.00,0.00,0.00,0.00,8.45,0.00,0.00,7.51,0.00,0.00,0.00,0.00,0.00,0.00,0.00,1.54,3.86,0.00,FALSE,NA,NA,NA,NA
664,11.79,0.00,0.00,0.00,0.00,0.00,0.00,0.00,0.00,0.00,8.50,0.00,0.00,0.00,0.00,2.63,3.52,0.00,FALSE,NA,NA,NA,NA
665,0.00,8.73,0.00,0.00,0.00,11.70,0.00,0.00,0.00,0.00,0.00,0.00,0.00,0.00,0.00,3.02,3.38,0.00,FALSE,NA,NA,NA,NA
666,0.00,0.00,0.00,0.00,0.00,0.00,0.00,0.00,0.00,11.98,10.44,0.00,0.00,0.00,0.00,2.94,4.63,0.00,FALSE,NA,NA,NA,NA
667,0.00,0.00,0.00,0.00,0.00,0.00,0.00,10.73,0.00,0.00,0.00,8.29,0.00,0.00,0.00,2.02,0.00,2.20,FALSE,NA,NA,NA,NA
668,0.00,0.00,0.00,6.49,0.00,0.00,0.00,0.00,0.00,0.00,10.01,0.00,0.00,0.00,0.00,1.83,0.00,3.97,FALSE,NA,NA,NA,NA
669,0.00,0.00,0.00,0.00,0.00,9.65,0.00,7.95,0.00,0.00,0.00,0.00,0.00,0.00,0.00,2.09,0.00,1.91,FALSE,NA,NA,NA,NA
670,0.00,0.00,0.00,0.00,0.00,0.00,8.59,0.00,0.00,0.00,0.00,11.96,0.00,0.00,0.00,2.42,0.00,3.78,FALSE,NA,NA,NA,NA
671,8.83,0.00,0.00,0.00,0.00,0.00,9.46,0.00,0.00,0.00,0.00,0.00,0.00,0.00,0.00,1.34,0.00,4.17,FALSE,NA,NA,NA,NA
672,0.00,0.00,0.00,0.00,0.00,0.00,9.80,0.00,0.00,0.00,12.16,0.00,0.00,0.00,0.00,1.54,0.00,3.78,TRUE,44,1,HIGH,SHEAR-THIN
673,0.00,9.62,0.00,0.00,0.00,0.00,8.24,0.00,0.00,0.00,0.00,0.00,0.00,0.00,0.00,1.08,0.00,1.76,TRUE,15,0,VERY-LOW,NEWTONIAN
674,5.34,0.00,0.00,0.00,0.00,0.00,0.00,0.00,0.00,0.00,11.61,0.00,0.00,0.00,0.00,1.21,0.00,3.45,FALSE,NA,NA,NA,NA
675,11.76,0.00,0.00,0.00,0.00,0.00,0.00,10.57,0.00,0.00,0.00,0.00,0.00,0.00,0.00,1.54,0.00,4.29,FALSE,NA,NA,NA,NA
676,12.99,0.00,0.00,0.00,0.00,0.00,0.00,0.00,0.00,11.44,0.00,0.00,0.00,0.00,0.00,1.63,0.00,4.62,FALSE,NA,NA,NA,NA
677,0.00,0.00,0.00,0.00,12.02,0.00,0.00,8.41,0.00,0.00,0.00,0.00,0.00,0.00,0.00,2.11,0.00,2.02,FALSE,NA,NA,NA,NA
678,0.00,0.00,7.47,0.00,0.00,0.00,11.44,0.00,0.00,0.00,0.00,0.00,0.00,0.00,0.00,2.29,0.00,4.14,FALSE,NA,NA,NA,NA
679,5.09,0.00,0.00,8.05,0.00,0.00,0.00,0.00,0.00,0.00,0.00,0.00,0.00,0.00,0.00,2.36,0.00,5.11,FALSE,NA,NA,NA,NA
680,0.00,7.42,0.00,0.00,0.00,0.00,0.00,0.00,9.92,0.00,0.00,0.00,0.00,0.00,0.00,2.15,0.00,4.38,FALSE,NA,NA,NA,NA
681,0.00,0.00,0.00,0.00,0.00,0.00,0.00,0.00,0.00,11.90,12.33,0.00,0.00,0.00,0.00,2.36,0.00,4.89,FALSE,NA,NA,NA,NA
682,0.00,0.00,10.28,0.00,0.00,0.00,0.00,0.00,0.00,11.77,0.00,0.00,0.00,0.00,0.00,1.85,0.00,4.40,FALSE,NA,NA,NA,NA
683,0.00,8.79,0.00,0.00,0.00,8.82,0.00,0.00,0.00,0.00,0.00,0.00,0.00,0.00,0.00,2.61,0.00,4.45,FALSE,NA,NA,NA,NA
684,0.00,0.00,7.98,0.00,0.00,0.00,0.00,0.00,0.00,0.00,12.42,0.00,0.00,0.00,0.00,2.92,0.00,1.80,FALSE,NA,NA,NA,NA
685,0.00,8.38,0.00,0.00,0.00,0.00,0.00,0.00,0.00,0.00,10.90,0.00,0.00,0.00,0.00,1.09,0.00,2.64,TRUE,3881,778,VERY-LOW,NEWTONIAN
686,0.00,0.00,0.00,0.00,0.00,0.00,0.00,0.00,11.07,10.34,0.00,0.00,0.00,0.00,0.00,1.28,0.00,3.31,FALSE,NA,NA,NA,NA
687,0.00,0.00,0.00,0.00,0.00,0.00,0.00,0.00,0.00,0.00,12.05,9.23,0.00,0.00,0.00,1.85,0.00,2.45,FALSE,NA,NA,NA,NA
688,0.00,0.00,6.25,0.00,0.00,11.31,0.00,0.00,0.00,0.00,0.00,0.00,0.00,0.00,0.00,2.32,0.00,2.33,TRUE,20,0,LOW,OTHER
689,0.00,0.00,0.00,6.90,0.00,0.00,9.99,0.00,0.00,0.00,0.00,0.00,0.00,0.00,0.00,1.86,0.00,2.83,FALSE,NA,NA,NA,NA
690,0.00,0.00,0.00,12.37,0.00,0.00,0.00,0.00,0.00,0.00,0.00,12.93,0.00,0.00,0.00,2.48,0.00,2.59,FALSE,NA,NA,NA,NA
691,0.00,0.00,0.00,0.00,0.00,0.00,0.00,0.00,13.00,0.00,0.00,9.82,0.00,0.00,0.00,2.22,0.00,3.30,FALSE,NA,NA,NA,NA
692,0.00,0.00,12.17,8.23,0.00,0.00,0.00,0.00,0.00,0.00,0.00,0.00,0.00,0.00,0.00,2.62,0.00,2.04,TRUE,14,0,VERY-LOW,NEWTONIAN
693,0.00,0.00,8.80,0.00,0.00,0.00,0.00,11.03,0.00,0.00,0.00,0.00,0.00,0.00,0.00,2.40,0.00,3.29,TRUE,20,0,MEDIUM,NEWTONIAN
694,0.00,0.00,0.00,0.00,0.00,8.85,0.00,0.00,11.07,0.00,0.00,0.00,0.00,0.00,0.00,2.16,0.00,4.79,FALSE,NA,NA,NA,NA
695,0.00,0.00,0.00,0.00,0.00,0.00,0.00,0.00,0.00,11.92,0.00,11.07,0.00,0.00,0.00,2.14,0.00,3.54,FALSE,NA,NA,NA,NA
696,0.00,0.00,0.00,0.00,0.00,11.74,0.00,0.00,0.00,0.00,8.36,0.00,0.00,0.00,0.00,1.50,0.00,2.40,FALSE,NA,NA,NA,NA
697,0.00,9.46,0.00,0.00,0.00,0.00,0.00,0.00,0.00,0.00,0.00,10.01,0.00,0.00,0.00,1.95,0.00,3.25,FALSE,NA,NA,NA,NA
698,0.00,0.00,0.00,11.01,0.00,0.00,0.00,6.19,0.00,0.00,0.00,0.00,0.00,0.00,0.00,1.85,0.00,4.98,FALSE,NA,NA,NA,NA
699,0.00,0.00,0.00,0.00,0.00,0.00,8.78,11.50,0.00,0.00,0.00,0.00,0.00,0.00,0.00,2.09,0.00,2.82,FALSE,NA,NA,NA,NA
700,10.51,10.70,0.00,0.00,0.00,0.00,0.00,0.00,0.00,0.00,0.00,0.00,0.00,0.00,0.00,2.54,0.00,4.62,TRUE,28,2,MEDIUM,SHEAR-THIN
701,0.00,13.17,0.00,0.00,7.46,0.00,0.00,0.00,0.00,0.00,0.00,0.00,0.00,0.00,0.00,2.09,0.00,2.33,TRUE,19,0,VERY-LOW,NEWTONIAN
702,0.00,0.00,0.00,0.00,0.00,10.97,12.97,0.00,0.00,0.00,0.00,0.00,0.00,0.00,0.00,1.64,0.00,1.39,TRUE,26,2,VERY-LOW,NEWTONIAN
703,0.00,10.13,0.00,0.00,0.00,0.00,0.00,8.12,0.00,0.00,0.00,0.00,0.00,0.00,0.00,1.36,0.00,2.94,TRUE,21,1,LOW,NEWTONIAN
704,6.09,0.00,0.00,0.00,0.00,0.00,0.00,0.00,0.00,0.00,0.00,9.32,0.00,0.00,0.00,1.45,0.00,3.09,FALSE,NA,NA,NA,NA
705,0.00,0.00,0.00,0.00,0.00,11.08,0.00,0.00,0.00,0.00,0.00,12.89,0.00,0.00,0.00,1.56,0.00,3.17,FALSE,NA,NA,NA,NA
706,0.00,0.00,0.00,0.00,0.00,0.00,9.24,0.00,8.46,0.00,0.00,0.00,0.00,0.00,0.00,2.37,0.00,4.52,FALSE,NA,NA,NA,NA
707,0.00,0.00,10.68,0.00,12.60,0.00,0.00,0.00,0.00,0.00,0.00,0.00,0.00,0.00,0.00,3.18,0.00,2.91,TRUE,14,0,LOW,NEWTONIAN
708,12.01,0.00,11.59,0.00,0.00,0.00,0.00,0.00,0.00,0.00,0.00,0.00,0.00,0.00,0.00,3.02,0.00,4.92,FALSE,NA,NA,NA,NA
709,0.00,0.00,0.00,0.00,0.00,0.00,0.00,7.72,0.00,0.00,9.61,0.00,0.00,0.00,0.00,2.10,0.00,4.33,FALSE,NA,NA,NA,NA
710,5.79,0.00,0.00,0.00,8.27,0.00,0.00,0.00,0.00,0.00,0.00,0.00,0.00,0.00,0.00,3.01,0.00,5.09,FALSE,NA,NA,NA,NA
711,0.00,0.00,0.00,0.00,9.00,7.16,0.00,0.00,0.00,0.00,0.00,0.00,0.00,0.00,0.00,2.50,0.00,2.97,FALSE,NA,NA,NA,NA
712,0.00,0.00,0.00,0.00,9.56,0.00,0.00,0.00,0.00,11.38,0.00,0.00,0.00,0.00,0.00,1.22,0.00,2.09,TRUE,21,0,VERY-LOW,NEWTONIAN
713,0.00,0.00,0.00,0.00,0.00,0.00,0.00,9.66,0.00,10.78,0.00,0.00,0.00,0.00,0.00,2.49,0.00,1.80,TRUE,28,1,VERY-LOW,NEWTONIAN
714,0.00,0.00,6.47,0.00,0.00,0.00,0.00,0.00,0.00,0.00,0.00,12.55,0.00,0.00,0.00,2.31,0.00,1.71,FALSE,NA,NA,NA,NA
715,0.00,11.99,0.00,0.00,0.00,0.00,0.00,0.00,0.00,10.51,0.00,0.00,0.00,0.00,0.00,2.42,0.00,1.40,TRUE,17,0,VERY-LOW,NEWTONIAN
716,0.00,0.00,0.00,0.00,0.00,0.00,12.35,0.00,0.00,12.19,0.00,0.00,0.00,0.00,0.00,1.30,0.00,2.04,TRUE,16,0,VERY-LOW,NEWTONIAN
717,0.00,0.00,0.00,0.00,0.00,7.54,0.00,0.00,0.00,9.15,0.00,0.00,0.00,0.00,0.00,1.96,0.00,1.80,FALSE,NA,NA,NA,NA
718,0.00,0.00,8.43,0.00,0.00,0.00,0.00,0.00,9.44,0.00,0.00,0.00,0.00,0.00,0.00,3.23,0.00,2.01,FALSE,NA,NA,NA,NA
719,8.83,13.16,0.00,0.00,0.00,0.00,0.00,0.00,0.00,0.00,0.00,0.00,0.00,0.00,0.00,1.79,0.00,1.53,TRUE,23,0,VERY-LOW,NEWTONIAN
720,16.24,0.00,0.00,0.00,0.00,0.00,0.00,0.00,11.52,0.00,0.00,0.00,0.00,0.00,0.00,2.69,0.00,1.72,TRUE,29,4,MEDIUM,SHEAR-THIN
721,0.00,0.00,12.19,0.00,0.00,8.89,0.00,0.00,0.00,0.00,0.00,0.00,0.00,0.00,0.00,0.92,0.00,1.63,TRUE,15,1,VERY-LOW,NEWTONIAN
722,0.00,7.70,9.39,0.00,0.00,0.00,0.00,0.00,0.00,0.00,0.00,0.00,0.00,0.00,0.00,2.71,0.00,2.59,TRUE,14,0,LOW,NEWTONIAN
723,0.00,0.00,12.71,0.00,0.00,8.82,0.00,0.00,0.00,0.00,0.00,0.00,0.00,0.00,0.00,2.86,0.00,3.12,FALSE,NA,NA,NA,NA
724,12.33,0.00,8.90,0.00,0.00,0.00,0.00,0.00,0.00,0.00,0.00,0.00,0.00,0.00,0.00,1.84,0.00,2.45,FALSE,NA,NA,NA,NA
725,0.00,13.29,0.00,0.00,0.00,0.00,0.00,0.00,12.50,0.00,0.00,0.00,0.00,0.00,0.00,1.99,0.00,2.58,TRUE,16,1,VERY-LOW,NEWTONIAN
726,0.00,9.90,0.00,0.00,0.00,0.00,0.00,0.00,0.00,0.00,8.86,0.00,0.00,0.00,0.00,2.78,0.00,1.56,FALSE,NA,NA,NA,NA
727,0.00,0.00,0.00,0.00,0.00,0.00,9.10,0.00,0.00,10.71,0.00,0.00,0.00,0.00,0.00,2.47,0.00,2.48,TRUE,15,0,LOW,NEWTONIAN
728,10.77,0.00,0.00,0.00,0.00,0.00,0.00,0.00,0.00,8.16,0.00,0.00,0.00,0.00,0.00,1.24,0.00,1.61,TRUE,25,3,VERY-LOW,NEWTONIAN
729,0.00,0.00,0.00,0.00,0.00,0.00,0.00,0.00,0.00,8.26,11.61,0.00,0.00,0.00,0.00,1.76,0.00,2.04,FALSE,NA,NA,NA,NA
730,0.00,0.00,0.00,8.13,0.00,0.00,0.00,0.00,0.00,12.80,0.00,0.00,0.00,0.00,0.00,1.98,0.00,1.82,TRUE,20,0,VERY-LOW,NEWTONIAN
731,0.00,10.22,0.00,0.00,0.00,0.00,0.00,10.09,0.00,0.00,0.00,0.00,0.00,0.00,0.00,2.85,0.00,1.43,TRUE,23,1,VERY-LOW,NEWTONIAN
732,0.00,10.75,0.00,0.00,0.00,9.32,0.00,0.00,0.00,0.00,0.00,0.00,0.00,0.00,0.00,2.33,0.00,2.21,TRUE,19,1,VERY-LOW,NEWTONIAN
733,0.00,11.78,0.00,0.00,0.00,0.00,0.00,0.00,0.00,11.83,0.00,0.00,0.00,0.00,0.00,0.74,0.00,2.62,TRUE,16,2,VERY-LOW,NEWTONIAN
734,0.00,0.00,11.18,0.00,7.38,0.00,0.00,0.00,0.00,0.00,0.00,0.00,0.00,0.00,0.00,1.04,0.00,3.33,TRUE,14,0,LOW,NEWTONIAN
735,5.92,0.00,0.00,0.00,0.00,0.00,13.08,0.00,0.00,0.00,0.00,0.00,0.00,0.00,0.00,2.50,0.00,3.39,FALSE,NA,NA,NA,NA
736,0.00,0.00,0.00,0.00,0.00,9.28,0.00,0.00,0.00,11.71,0.00,0.00,0.00,0.00,0.00,2.84,0.00,3.44,TRUE,23,7,MEDIUM,SHEAR-THIN
737,0.00,9.97,0.00,0.00,0.00,0.00,0.00,0.00,0.00,9.02,0.00,0.00,0.00,0.00,0.00,2.42,0.00,2.99,TRUE,15,1,VERY-LOW,NEWTONIAN
738,0.00,0.00,0.00,0.00,0.00,0.00,12.83,9.04,0.00,0.00,0.00,0.00,0.00,0.00,0.00,1.93,0.00,1.89,TRUE,377,105,MEDIUM,OTHER
739,0.00,0.00,7.57,0.00,0.00,0.00,0.00,0.00,0.00,8.02,0.00,0.00,0.00,0.00,0.00,2.44,0.00,1.47,TRUE,17,0,VERY-LOW,NEWTONIAN
740,0.00,11.42,0.00,0.00,0.00,0.00,9.27,0.00,0.00,0.00,0.00,0.00,0.00,0.00,0.00,2.57,0.00,2.88,TRUE,18,0,VERY-LOW,NEWTONIAN
741,0.00,0.00,13.69,0.00,0.00,0.00,8.73,0.00,0.00,0.00,0.00,0.00,0.00,0.00,0.00,1.85,0.00,1.74,FALSE,NA,NA,NA,NA
742,8.95,0.00,0.00,0.00,0.00,0.00,0.00,0.00,0.00,12.77,0.00,0.00,0.00,0.00,0.00,2.59,0.00,2.82,TRUE,25,1,VERY-LOW,NEWTONIAN
743,0.00,0.00,8.94,0.00,8.89,0.00,0.00,0.00,0.00,0.00,0.00,0.00,0.00,0.00,0.00,1.46,0.00,1.91,TRUE,16,1,VERY-LOW,NEWTONIAN
744,0.00,0.00,0.00,0.00,0.00,0.00,0.00,0.00,12.71,11.71,0.00,0.00,0.00,0.00,0.00,2.21,0.00,2.27,TRUE,15,0,LOW,OTHER
745,5.17,0.00,11.73,0.00,0.00,0.00,0.00,0.00,0.00,0.00,0.00,0.00,0.00,0.00,0.00,0.90,0.00,2.37,TRUE,16,0,VERY-LOW,NEWTONIAN
746,0.00,0.00,11.61,7.64,0.00,0.00,0.00,0.00,0.00,0.00,0.00,0.00,0.00,0.00,0.00,2.01,0.00,1.61,TRUE,15,0,VERY-LOW,NEWTONIAN
747,0.00,12.63,0.00,0.00,0.00,10.74,0.00,0.00,0.00,0.00,0.00,0.00,0.00,0.00,0.00,2.71,0.00,2.81,TRUE,24,0,VERY-LOW,NEWTONIAN
748,0.00,12.94,0.00,9.98,0.00,0.00,0.00,0.00,0.00,0.00,0.00,0.00,0.00,0.00,0.00,1.58,0.00,2.68,TRUE,15,0,VERY-LOW,NEWTONIAN
749,0.00,0.00,8.70,0.00,0.00,0.00,0.00,0.00,0.00,12.46,0.00,0.00,0.00,0.00,0.00,1.29,0.00,2.93,TRUE,15,0,LOW,NEWTONIAN
750,11.67,0.00,0.00,0.00,0.00,0.00,12.17,0.00,0.00,0.00,0.00,0.00,0.00,0.00,0.00,1.60,0.00,1.66,FALSE,NA,NA,NA,NA
751,0.00,11.50,0.00,7.07,0.00,0.00,0.00,0.00,0.00,0.00,0.00,0.00,0.00,0.00,2.84,0.00,0.00,2.75,TRUE,15,1,VERY-LOW,NEWTONIAN
752,0.00,0.00,0.00,0.00,0.00,0.00,8.53,0.00,12.18,0.00,0.00,0.00,0.00,0.00,2.41,0.00,0.00,4.25,TRUE,757,199,HIGH,OTHER
753,0.00,0.00,0.00,0.00,0.00,0.00,8.37,0.00,0.00,8.00,0.00,0.00,0.00,0.00,2.71,0.00,0.00,2.93,FALSE,NA,NA,NA,NA
754,0.00,9.63,0.00,0.00,0.00,0.00,0.00,0.00,0.00,9.79,0.00,0.00,0.00,0.00,2.26,0.00,0.00,2.90,TRUE,15,1,VERY-LOW,NEWTONIAN
755,0.00,0.00,0.00,8.40,0.00,7.83,0.00,0.00,0.00,0.00,0.00,0.00,0.00,0.00,1.71,0.00,0.00,1.89,FALSE,NA,NA,NA,NA
756,0.00,12.58,0.00,0.00,0.00,0.00,8.29,0.00,0.00,0.00,0.00,0.00,0.00,0.00,2.53,0.00,0.00,3.56,TRUE,14,0,VERY-LOW,NEWTONIAN
757,0.00,0.00,0.00,0.00,0.00,0.00,0.00,0.00,0.00,12.90,9.80,0.00,0.00,0.00,0.99,0.00,0.00,1.57,FALSE,NA,NA,NA,NA
758,0.00,0.00,9.45,0.00,0.00,0.00,0.00,0.00,0.00,0.00,10.75,0.00,0.00,0.00,1.07,0.00,0.00,3.21,FALSE,NA,NA,NA,NA
759,0.00,8.78,0.00,0.00,0.00,0.00,0.00,9.23,0.00,0.00,0.00,0.00,0.00,0.00,2.73,0.00,0.00,4.21,TRUE,123,2,HIGH,SHEAR-THIN
760,0.00,0.00,0.00,0.00,7.94,0.00,0.00,0.00,0.00,0.00,9.65,0.00,0.00,0.00,1.42,0.00,0.00,5.11,FALSE,NA,NA,NA,NA
761,9.52,0.00,0.00,0.00,0.00,0.00,0.00,0.00,0.00,12.13,0.00,0.00,0.00,0.00,2.83,0.00,0.00,2.45,TRUE,22,1,VERY-LOW,NEWTONIAN
762,0.00,10.26,0.00,0.00,0.00,0.00,0.00,0.00,0.00,0.00,0.00,12.03,0.00,0.00,1.51,0.00,0.00,1.62,FALSE,NA,NA,NA,NA
763,0.00,0.00,0.00,0.00,11.74,0.00,0.00,0.00,0.00,8.61,0.00,0.00,0.00,0.00,2.22,0.00,0.00,2.80,FALSE,NA,NA,NA,NA
764,0.00,0.00,0.00,0.00,0.00,10.01,0.00,0.00,10.36,0.00,0.00,0.00,0.00,0.00,1.81,0.00,0.00,2.57,FALSE,NA,NA,NA,NA
765,9.71,0.00,0.00,0.00,0.00,0.00,0.00,0.00,11.72,0.00,0.00,0.00,0.00,0.00,1.92,0.00,0.00,1.46,TRUE,36,1,MEDIUM ,SHEAR-THIN
766,0.00,0.00,0.00,0.00,0.00,0.00,0.00,5.97,0.00,0.00,12.76,0.00,0.00,0.00,1.50,0.00,0.00,3.45,TRUE,21,3,VERY-LOW,NEWTONIAN
767,0.00,0.00,0.00,10.39,0.00,0.00,0.00,0.00,0.00,0.00,0.00,13.08,0.00,0.00,2.31,0.00,0.00,4.15,TRUE,633,28,HIGH,SHEAR-THIN
768,7.64,11.26,0.00,0.00,0.00,0.00,0.00,0.00,0.00,0.00,0.00,0.00,0.00,0.00,1.15,0.00,0.00,4.01,FALSE,NA,NA,NA,NA
769,0.00,0.00,0.00,0.00,0.00,0.00,0.00,0.00,0.00,0.00,12.47,10.60,0.00,0.00,1.94,0.00,0.00,3.86,FALSE,NA,NA,NA,NA
770,0.00,8.46,0.00,0.00,7.77,0.00,0.00,0.00,0.00,0.00,0.00,0.00,0.00,0.00,1.20,0.00,0.00,2.16,FALSE,NA,NA,NA,NA
771,8.89,0.00,0.00,0.00,0.00,9.22,0.00,0.00,0.00,0.00,0.00,0.00,0.00,0.00,2.14,0.00,0.00,2.85,FALSE,NA,NA,NA,NA
772,0.00,0.00,0.00,0.00,0.00,0.00,9.99,0.00,0.00,0.00,0.00,10.99,0.00,0.00,2.00,0.00,0.00,4.75,FALSE,NA,NA,NA,NA
773,0.00,0.00,0.00,0.00,0.00,0.00,0.00,0.00,10.08,11.77,0.00,0.00,0.00,0.00,1.88,0.00,0.00,4.79,FALSE,NA,NA,NA,NA
774,0.00,0.00,8.98,0.00,0.00,0.00,0.00,10.76,0.00,0.00,0.00,0.00,0.00,0.00,3.16,0.00,0.00,2.70,TRUE,20,1,LOW ,NEWTONIAN
775,0.00,0.00,0.00,0.00,0.00,0.00,0.00,9.98,0.00,13.04,0.00,0.00,0.00,0.00,2.78,0.00,0.00,1.04,TRUE,18,1,VERY-LOW,NEWTONIAN
776,0.00,0.00,0.00,0.00,0.00,0.00,11.21,0.00,0.00,0.00,7.94,0.00,0.00,0.00,1.53,0.00,0.00,4.04,FALSE,NA,NA,NA,NA
777,0.00,0.00,0.00,11.17,0.00,12.74,0.00,0.00,0.00,0.00,0.00,0.00,0.00,0.00,2.82,0.00,0.00,5.05,FALSE,NA,NA,NA,NA
778,7.73,0.00,0.00,0.00,8.85,0.00,0.00,0.00,0.00,0.00,0.00,0.00,0.00,0.00,2.78,0.00,0.00,1.94,TRUE,27,2,LOW,SHEAR-THIN
779,0.00,0.00,10.48,0.00,0.00,0.00,0.00,0.00,0.00,13.33,0.00,0.00,0.00,0.00,1.41,0.00,0.00,2.72,TRUE,15,0,LOW,NEWTONIAN
780,0.00,0.00,0.00,7.69,0.00,0.00,0.00,12.50,0.00,0.00,0.00,0.00,0.00,0.00,0.92,0.00,0.00,1.66,FALSE,NA,NA,NA,NA
781,0.00,0.00,0.00,0.00,0.00,8.45,0.00,0.00,0.00,0.00,0.00,8.47,0.00,0.00,1.28,0.00,0.00,1.04,FALSE,NA,NA,NA,NA
782,7.82,7.88,0.00,0.00,0.00,0.00,0.00,0.00,0.00,0.00,0.00,0.00,0.00,0.00,3.09,0.00,0.00,4.69,FALSE,NA,NA,NA,NA
783,0.00,0.00,0.00,0.00,0.00,12.71,10.96,0.00,0.00,0.00,0.00,0.00,0.00,0.00,2.42,0.00,0.00,2.46,FALSE,NA,NA,NA,NA
784,0.00,0.00,0.00,0.00,0.00,0.00,0.00,0.00,10.49,0.00,8.67,0.00,0.00,0.00,1.49,0.00,0.00,3.62,FALSE,NA,NA,NA,NA
785,0.00,12.39,0.00,0.00,0.00,0.00,0.00,0.00,12.57,0.00,0.00,0.00,0.00,0.00,1.32,0.00,0.00,3.81,TRUE,15,1,MEDIUM,NEWTONIAN
786,0.00,0.00,0.00,0.00,0.00,0.00,0.00,5.41,0.00,0.00,0.00,10.78,0.00,0.00,3.13,0.00,0.00,2.04,FALSE,NA,NA,NA,NA
787,13.39,0.00,0.00,0.00,0.00,0.00,11.48,0.00,0.00,0.00,0.00,0.00,0.00,0.00,1.61,0.00,0.00,2.70,FALSE,NA,NA,NA,NA
788,15.21,0.00,0.00,0.00,0.00,0.00,0.00,6.10,0.00,0.00,0.00,0.00,0.00,0.00,1.41,0.00,0.00,4.60,TRUE,2213,303,HIGH,OTHER
789,0.00,0.00,10.08,0.00,0.00,12.41,0.00,0.00,0.00,0.00,0.00,0.00,0.00,0.00,2.54,0.00,0.00,2.26,TRUE,17,1,LOW,NEWTONIAN
790,0.00,0.00,0.00,0.00,0.00,11.06,0.00,0.00,0.00,11.34,0.00,0.00,0.00,0.00,3.65,0.00,0.00,3.92,FALSE,NA,NA,NA,NA
791,0.00,0.00,0.00,0.00,10.97,0.00,0.00,0.00,9.24,0.00,0.00,0.00,0.00,0.00,2.31,0.00,0.00,1.62,TRUE,134,45,MEDIUM,SHEAR-THIN
792,0.00,0.00,0.00,10.13,0.00,0.00,9.77,0.00,0.00,0.00,0.00,0.00,0.00,0.00,3.39,0.00,0.00,4.43,FALSE,NA,NA,NA,NA
793,0.00,0.00,0.00,0.00,0.00,0.00,0.00,5.96,8.82,0.00,0.00,0.00,0.00,0.00,1.80,0.00,0.00,3.38,FALSE,NA,NA,NA,NA
794,0.00,0.00,0.00,0.00,0.00,0.00,0.00,0.00,0.00,7.98,0.00,12.95,0.00,0.00,2.91,0.00,0.00,4.60,FALSE,NA,NA,NA,NA
795,0.00,0.00,0.00,0.00,11.81,0.00,0.00,0.00,0.00,0.00,8.44,0.00,0.00,0.00,2.91,0.00,0.00,1.87,TRUE,25,4,MEDIUM,SHEAR-THIN
796,0.00,10.11,0.00,0.00,0.00,8.68,0.00,0.00,0.00,0.00,0.00,0.00,0.00,0.00,1.34,0.00,0.00,2.77,TRUE,20,2,VERY-LOW,NEWTONIAN
797,0.00,0.00,0.00,7.43,9.92,0.00,0.00,0.00,0.00,0.00,0.00,0.00,0.00,0.00,1.71,0.00,0.00,4.32,TRUE,197,61,MEDIUM,SHEAR-THIN
798,0.00,0.00,7.64,0.00,0.00,0.00,0.00,0.00,8.53,0.00,0.00,0.00,0.00,0.00,2.26,0.00,0.00,2.66,TRUE,28,2,VERY-LOW,NEWTONIAN
799,0.00,0.00,0.00,0.00,0.00,0.00,0.00,9.88,0.00,9.03,0.00,0.00,0.00,0.00,1.14,0.00,0.00,4.25,FALSE,NA,NA,NA,NA
800,0.00,0.00,0.00,0.00,0.00,7.39,0.00,8.95,0.00,0.00,0.00,0.00,0.00,0.00,2.64,0.00,0.00,1.80,FALSE,NA,NA,NA,NA
801,10.18,0.00,0.00,11.11,0.00,0.00,0.00,0.00,0.00,0.00,0.00,0.00,0.00,0.00,1.41,0.00,0.00,1.59,TRUE,28,3,MEDIUM,SHEAR-THIN
802,0.00,0.00,0.00,0.00,0.00,0.00,11.89,12.18,0.00,0.00,0.00,0.00,0.00,0.00,3.09,0.00,0.00,3.39,TRUE,717,54,HIGH,SHEAR-THIN
803,0.00,0.00,0.00,0.00,0.00,0.00,12.41,0.00,7.92,0.00,0.00,0.00,0.00,0.00,2.30,0.00,0.00,1.43,TRUE,20,1,VERY-LOW,NEWTONIAN
804,12.60,0.00,0.00,9.25,0.00,0.00,0.00,0.00,0.00,0.00,0.00,0.00,0.00,0.00,2.80,0.00,0.00,4.66,FALSE,NA,NA,NA,NA
805,0.00,0.00,10.94,0.00,0.00,0.00,13.20,0.00,0.00,0.00,0.00,0.00,0.00,0.00,1.99,0.00,0.00,1.60,TRUE,14,0,VERY-LOW,NEWTONIAN
806,0.00,0.00,0.00,0.00,7.59,0.00,8.78,0.00,0.00,0.00,0.00,0.00,0.00,0.00,1.06,0.00,0.00,4.57,FALSE,NA,NA,NA,NA
807,0.00,0.00,0.00,0.00,10.62,0.00,0.00,0.00,0.00,0.00,0.00,12.25,0.00,0.00,1.04,0.00,0.00,4.77,FALSE,NA,NA,NA,NA
808,0.00,0.00,0.00,7.03,0.00,0.00,0.00,0.00,9.57,0.00,0.00,0.00,0.00,0.00,1.62,0.00,0.00,2.01,FALSE,NA,NA,NA,NA
809,0.00,11.50,8.82,0.00,0.00,0.00,0.00,0.00,0.00,0.00,0.00,0.00,0.00,0.00,1.42,0.00,0.00,2.35,TRUE,14,0,VERY-LOW,NEWTONIAN
810,10.05,0.00,0.00,0.00,0.00,0.00,0.00,0.00,0.00,0.00,11.64,0.00,0.00,0.00,2.25,0.00,0.00,1.36,TRUE,3876,317,MEDIUM,SHEAR-THIN
811,0.00,9.81,0.00,0.00,0.00,0.00,0.00,0.00,0.00,0.00,10.57,0.00,0.00,0.00,2.66,0.00,0.00,2.96,FALSE,NA,NA,NA,NA
812,0.00,0.00,9.40,0.00,0.00,0.00,0.00,0.00,10.04,0.00,0.00,0.00,0.00,0.00,2.99,0.00,0.00,1.62,TRUE,13,0,VERY-LOW,NEWTONIAN
813,0.00,0.00,0.00,0.00,0.00,0.00,0.00,0.00,8.28,0.00,0.00,12.23,0.00,0.00,1.75,0.00,0.00,3.01,TRUE,255,33,HIGH,SHEAR-THIN
814,0.00,0.00,0.00,7.53,0.00,0.00,0.00,5.94,0.00,0.00,0.00,0.00,0.00,0.00,2.39,0.00,0.00,4.68,FALSE,NA,NA,NA,NA
815,0.00,0.00,12.27,0.00,0.00,0.00,0.00,0.00,0.00,8.34,0.00,0.00,0.00,0.00,1.73,0.00,0.00,4.70,FALSE,NA,NA,NA,NA
816,0.00,0.00,7.37,0.00,0.00,0.00,0.00,0.00,0.00,11.77,0.00,0.00,0.00,0.00,2.99,0.00,0.00,2.19,FALSE,NA,NA,NA,NA
817,7.93,0.00,0.00,0.00,9.29,0.00,0.00,0.00,0.00,0.00,0.00,0.00,0.00,0.00,1.26,0.00,0.00,4.45,FALSE,NA,NA,NA,NA
818,6.61,0.00,0.00,0.00,0.00,0.00,0.00,0.00,0.00,0.00,0.00,12.70,0.00,0.00,2.22,0.00,0.00,4.10,FALSE,NA,NA,NA,NA
819,0.00,0.00,0.00,0.00,0.00,12.37,0.00,0.00,0.00,0.00,9.03,0.00,0.00,0.00,1.20,0.00,0.00,3.49,FALSE,NA,NA,NA,NA
820,0.00,0.00,12.27,0.00,8.79,0.00,0.00,0.00,0.00,0.00,0.00,0.00,0.00,0.00,1.95,0.00,0.00,2.46,TRUE,14,0,LOW,NEWTONIAN
821,0.00,0.00,0.00,0.00,9.09,0.00,0.00,9.23,0.00,0.00,0.00,0.00,0.00,0.00,1.80,0.00,0.00,3.56,FALSE,NA,NA,NA,NA
822,0.00,0.00,12.09,0.00,0.00,0.00,12.02,0.00,0.00,0.00,0.00,0.00,0.00,0.00,2.75,0.00,0.00,0.26,TRUE,15,1,VERY-LOW,NEWTONIAN